[2026-07-03 19:10:13] production.ERROR: SQLSTATE[HY000] [1045] Access denied for user 'database_username'@'172.20.0.3' (using password: YES) (Connection: mysql, Host: mariadb-datenbank, Port: 3306, Database: bootstackdb, SQL: select exists (select 1 from information_schema.tables where table_schema = schema() and table_name = 'migrations' and table_type in ('BASE TABLE', 'SYSTEM VERSIONED')) as `exists`) {"exception":"[object] (Illuminate\\Database\\QueryException(code: 1045): SQLSTATE[HY000] [1045] Access denied for user 'database_username'@'172.20.0.3' (using password: YES) (Connection: mysql, Host: mariadb-datenbank, Port: 3306, Database: bootstackdb, SQL: select exists (select 1 from information_schema.tables where table_schema = schema() and table_name = 'migrations' and table_type in ('BASE TABLE', 'SYSTEM VERSIONED')) as `exists`) at /app/www/vendor/laravel/framework/src/Illuminate/Database/Connection.php:838)
[stacktrace]
#0 /app/www/vendor/laravel/framework/src/Illuminate/Database/Connection.php(999): Illuminate\\Database\\Connection->runQueryCallback()
#1 /app/www/vendor/laravel/framework/src/Illuminate/Database/Connection.php(978): Illuminate\\Database\\Connection->tryAgainIfCausedByLostConnection()
#2 /app/www/vendor/laravel/framework/src/Illuminate/Database/Connection.php(796): Illuminate\\Database\\Connection->handleQueryException()
#3 /app/www/vendor/laravel/framework/src/Illuminate/Database/Connection.php(411): Illuminate\\Database\\Connection->run()
#4 /app/www/vendor/laravel/framework/src/Illuminate/Database/Connection.php(357): Illuminate\\Database\\Connection->select()
#5 /app/www/vendor/laravel/framework/src/Illuminate/Database/Connection.php(374): Illuminate\\Database\\Connection->selectOne()
#6 /app/www/vendor/laravel/framework/src/Illuminate/Database/Schema/Builder.php(176): Illuminate\\Database\\Connection->scalar()
#7 /app/www/vendor/laravel/framework/src/Illuminate/Database/Migrations/DatabaseMigrationRepository.php(185): Illuminate\\Database\\Schema\\Builder->hasTable()
#8 /app/www/vendor/laravel/framework/src/Illuminate/Database/Migrations/Migrator.php(758): Illuminate\\Database\\Migrations\\DatabaseMigrationRepository->repositoryExists()
#9 /app/www/vendor/laravel/framework/src/Illuminate/Database/Console/Migrations/MigrateCommand.php(164): Illuminate\\Database\\Migrations\\Migrator->repositoryExists()
#10 /app/www/vendor/laravel/framework/src/Illuminate/Support/helpers.php(328): Illuminate\\Database\\Console\\Migrations\\MigrateCommand->{closure:Illuminate\\Database\\Console\\Migrations\\MigrateCommand::repositoryExists():164}()
#11 /app/www/vendor/laravel/framework/src/Illuminate/Database/Console/Migrations/MigrateCommand.php(164): retry()
#12 /app/www/vendor/laravel/framework/src/Illuminate/Database/Console/Migrations/MigrateCommand.php(140): Illuminate\\Database\\Console\\Migrations\\MigrateCommand->repositoryExists()
#13 /app/www/vendor/laravel/framework/src/Illuminate/Database/Console/Migrations/MigrateCommand.php(110): Illuminate\\Database\\Console\\Migrations\\MigrateCommand->prepareDatabase()
#14 /app/www/vendor/laravel/framework/src/Illuminate/Database/Migrations/Migrator.php(671): Illuminate\\Database\\Console\\Migrations\\MigrateCommand->{closure:Illuminate\\Database\\Console\\Migrations\\MigrateCommand::runMigrations():109}()
#15 /app/www/vendor/laravel/framework/src/Illuminate/Database/Console/Migrations/MigrateCommand.php(109): Illuminate\\Database\\Migrations\\Migrator->usingConnection()
#16 /app/www/vendor/laravel/framework/src/Illuminate/Database/Console/Migrations/MigrateCommand.php(88): Illuminate\\Database\\Console\\Migrations\\MigrateCommand->runMigrations()
#17 /app/www/vendor/laravel/framework/src/Illuminate/Container/BoundMethod.php(36): Illuminate\\Database\\Console\\Migrations\\MigrateCommand->handle()
#18 /app/www/vendor/laravel/framework/src/Illuminate/Container/Util.php(43): Illuminate\\Container\\BoundMethod::{closure:Illuminate\\Container\\BoundMethod::call():35}()
#19 /app/www/vendor/laravel/framework/src/Illuminate/Container/BoundMethod.php(96): Illuminate\\Container\\Util::unwrapIfClosure()
#20 /app/www/vendor/laravel/framework/src/Illuminate/Container/BoundMethod.php(35): Illuminate\\Container\\BoundMethod::callBoundMethod()
#21 /app/www/vendor/laravel/framework/src/Illuminate/Container/Container.php(799): Illuminate\\Container\\BoundMethod::call()
#22 /app/www/vendor/laravel/framework/src/Illuminate/Console/Command.php(211): Illuminate\\Container\\Container->call()
#23 /app/www/vendor/symfony/console/Command/Command.php(341): Illuminate\\Console\\Command->execute()
#24 /app/www/vendor/laravel/framework/src/Illuminate/Console/Command.php(180): Symfony\\Component\\Console\\Command\\Command->run()
#25 /app/www/vendor/symfony/console/Application.php(1117): Illuminate\\Console\\Command->run()
#26 /app/www/vendor/symfony/console/Application.php(356): Symfony\\Component\\Console\\Application->doRunCommand()
#27 /app/www/vendor/symfony/console/Application.php(195): Symfony\\Component\\Console\\Application->doRun()
#28 /app/www/vendor/laravel/framework/src/Illuminate/Foundation/Console/Kernel.php(198): Symfony\\Component\\Console\\Application->run()
#29 /app/www/artisan(35): Illuminate\\Foundation\\Console\\Kernel->handle()
#30 {main}

[previous exception] [object] (PDOException(code: 1045): SQLSTATE[HY000] [1045] Access denied for user 'database_username'@'172.20.0.3' (using password: YES) at /app/www/vendor/laravel/framework/src/Illuminate/Database/Connectors/Connector.php:67)
[stacktrace]
#0 /app/www/vendor/laravel/framework/src/Illuminate/Database/Connectors/Connector.php(67): PDO::connect()
#1 /app/www/vendor/laravel/framework/src/Illuminate/Database/Connectors/Connector.php(85): Illuminate\\Database\\Connectors\\Connector->createPdoConnection()
#2 /app/www/vendor/laravel/framework/src/Illuminate/Database/Connectors/Connector.php(48): Illuminate\\Database\\Connectors\\Connector->tryAgainIfCausedByLostConnection()
#3 /app/www/vendor/laravel/framework/src/Illuminate/Database/Connectors/MySqlConnector.php(24): Illuminate\\Database\\Connectors\\Connector->createConnection()
#4 /app/www/vendor/laravel/framework/src/Illuminate/Database/Connectors/ConnectionFactory.php(186): Illuminate\\Database\\Connectors\\MySqlConnector->connect()
#5 [internal function]: Illuminate\\Database\\Connectors\\ConnectionFactory->{closure:Illuminate\\Database\\Connectors\\ConnectionFactory::createPdoResolverWithHosts():181}()
#6 /app/www/vendor/laravel/framework/src/Illuminate/Database/Connection.php(1257): call_user_func()
#7 /app/www/vendor/laravel/framework/src/Illuminate/Database/Connection.php(1295): Illuminate\\Database\\Connection->getPdo()
#8 /app/www/vendor/laravel/framework/src/Illuminate/Database/Connection.php(525): Illuminate\\Database\\Connection->getReadPdo()
#9 /app/www/vendor/laravel/framework/src/Illuminate/Database/Connection.php(420): Illuminate\\Database\\Connection->getPdoForSelect()
#10 /app/www/vendor/laravel/framework/src/Illuminate/Database/Connection.php(827): Illuminate\\Database\\Connection->{closure:Illuminate\\Database\\Connection::select():411}()
#11 /app/www/vendor/laravel/framework/src/Illuminate/Database/Connection.php(999): Illuminate\\Database\\Connection->runQueryCallback()
#12 /app/www/vendor/laravel/framework/src/Illuminate/Database/Connection.php(978): Illuminate\\Database\\Connection->tryAgainIfCausedByLostConnection()
#13 /app/www/vendor/laravel/framework/src/Illuminate/Database/Connection.php(796): Illuminate\\Database\\Connection->handleQueryException()
#14 /app/www/vendor/laravel/framework/src/Illuminate/Database/Connection.php(411): Illuminate\\Database\\Connection->run()
#15 /app/www/vendor/laravel/framework/src/Illuminate/Database/Connection.php(357): Illuminate\\Database\\Connection->select()
#16 /app/www/vendor/laravel/framework/src/Illuminate/Database/Connection.php(374): Illuminate\\Database\\Connection->selectOne()
#17 /app/www/vendor/laravel/framework/src/Illuminate/Database/Schema/Builder.php(176): Illuminate\\Database\\Connection->scalar()
#18 /app/www/vendor/laravel/framework/src/Illuminate/Database/Migrations/DatabaseMigrationRepository.php(185): Illuminate\\Database\\Schema\\Builder->hasTable()
#19 /app/www/vendor/laravel/framework/src/Illuminate/Database/Migrations/Migrator.php(758): Illuminate\\Database\\Migrations\\DatabaseMigrationRepository->repositoryExists()
#20 /app/www/vendor/laravel/framework/src/Illuminate/Database/Console/Migrations/MigrateCommand.php(164): Illuminate\\Database\\Migrations\\Migrator->repositoryExists()
#21 /app/www/vendor/laravel/framework/src/Illuminate/Support/helpers.php(328): Illuminate\\Database\\Console\\Migrations\\MigrateCommand->{closure:Illuminate\\Database\\Console\\Migrations\\MigrateCommand::repositoryExists():164}()
#22 /app/www/vendor/laravel/framework/src/Illuminate/Database/Console/Migrations/MigrateCommand.php(164): retry()
#23 /app/www/vendor/laravel/framework/src/Illuminate/Database/Console/Migrations/MigrateCommand.php(140): Illuminate\\Database\\Console\\Migrations\\MigrateCommand->repositoryExists()
#24 /app/www/vendor/laravel/framework/src/Illuminate/Database/Console/Migrations/MigrateCommand.php(110): Illuminate\\Database\\Console\\Migrations\\MigrateCommand->prepareDatabase()
#25 /app/www/vendor/laravel/framework/src/Illuminate/Database/Migrations/Migrator.php(671): Illuminate\\Database\\Console\\Migrations\\MigrateCommand->{closure:Illuminate\\Database\\Console\\Migrations\\MigrateCommand::runMigrations():109}()
#26 /app/www/vendor/laravel/framework/src/Illuminate/Database/Console/Migrations/MigrateCommand.php(109): Illuminate\\Database\\Migrations\\Migrator->usingConnection()
#27 /app/www/vendor/laravel/framework/src/Illuminate/Database/Console/Migrations/MigrateCommand.php(88): Illuminate\\Database\\Console\\Migrations\\MigrateCommand->runMigrations()
#28 /app/www/vendor/laravel/framework/src/Illuminate/Container/BoundMethod.php(36): Illuminate\\Database\\Console\\Migrations\\MigrateCommand->handle()
#29 /app/www/vendor/laravel/framework/src/Illuminate/Container/Util.php(43): Illuminate\\Container\\BoundMethod::{closure:Illuminate\\Container\\BoundMethod::call():35}()
#30 /app/www/vendor/laravel/framework/src/Illuminate/Container/BoundMethod.php(96): Illuminate\\Container\\Util::unwrapIfClosure()
#31 /app/www/vendor/laravel/framework/src/Illuminate/Container/BoundMethod.php(35): Illuminate\\Container\\BoundMethod::callBoundMethod()
#32 /app/www/vendor/laravel/framework/src/Illuminate/Container/Container.php(799): Illuminate\\Container\\BoundMethod::call()
#33 /app/www/vendor/laravel/framework/src/Illuminate/Console/Command.php(211): Illuminate\\Container\\Container->call()
#34 /app/www/vendor/symfony/console/Command/Command.php(341): Illuminate\\Console\\Command->execute()
#35 /app/www/vendor/laravel/framework/src/Illuminate/Console/Command.php(180): Symfony\\Component\\Console\\Command\\Command->run()
#36 /app/www/vendor/symfony/console/Application.php(1117): Illuminate\\Console\\Command->run()
#37 /app/www/vendor/symfony/console/Application.php(356): Symfony\\Component\\Console\\Application->doRunCommand()
#38 /app/www/vendor/symfony/console/Application.php(195): Symfony\\Component\\Console\\Application->doRun()
#39 /app/www/vendor/laravel/framework/src/Illuminate/Foundation/Console/Kernel.php(198): Symfony\\Component\\Console\\Application->run()
#40 /app/www/artisan(35): Illuminate\\Foundation\\Console\\Kernel->handle()
#41 {main}
"} 
[2026-07-03 19:11:31] production.ERROR: Unsupported cipher or incorrect key length. Supported ciphers are: aes-128-cbc, aes-256-cbc, aes-128-gcm, aes-256-gcm. {"exception":"[object] (RuntimeException(code: 0): Unsupported cipher or incorrect key length. Supported ciphers are: aes-128-cbc, aes-256-cbc, aes-128-gcm, aes-256-gcm. at /app/www/vendor/laravel/framework/src/Illuminate/Encryption/Encrypter.php:61)
[stacktrace]
#0 /app/www/vendor/laravel/framework/src/Illuminate/Encryption/EncryptionServiceProvider.php(32): Illuminate\\Encryption\\Encrypter->__construct()
#1 /app/www/vendor/laravel/framework/src/Illuminate/Container/Container.php(1115): Illuminate\\Encryption\\EncryptionServiceProvider->{closure:Illuminate\\Encryption\\EncryptionServiceProvider::registerEncrypter():29}()
#2 /app/www/vendor/laravel/framework/src/Illuminate/Container/Container.php(933): Illuminate\\Container\\Container->build()
#3 /app/www/vendor/laravel/framework/src/Illuminate/Foundation/Application.php(1078): Illuminate\\Container\\Container->resolve()
#4 /app/www/vendor/laravel/framework/src/Illuminate/Container/Container.php(864): Illuminate\\Foundation\\Application->resolve()
#5 /app/www/vendor/laravel/framework/src/Illuminate/Foundation/Application.php(1058): Illuminate\\Container\\Container->make()
#6 /app/www/vendor/laravel/framework/src/Illuminate/Container/Container.php(1336): Illuminate\\Foundation\\Application->make()
#7 /app/www/vendor/laravel/framework/src/Illuminate/Container/Container.php(1237): Illuminate\\Container\\Container->resolveClass()
#8 /app/www/vendor/laravel/framework/src/Illuminate/Container/Container.php(1162): Illuminate\\Container\\Container->resolveDependencies()
#9 /app/www/vendor/laravel/framework/src/Illuminate/Container/Container.php(933): Illuminate\\Container\\Container->build()
#10 /app/www/vendor/laravel/framework/src/Illuminate/Foundation/Application.php(1078): Illuminate\\Container\\Container->resolve()
#11 /app/www/vendor/laravel/framework/src/Illuminate/Container/Container.php(864): Illuminate\\Foundation\\Application->resolve()
#12 /app/www/vendor/laravel/framework/src/Illuminate/Foundation/Application.php(1058): Illuminate\\Container\\Container->make()
#13 /app/www/vendor/laravel/framework/src/Illuminate/Pipeline/Pipeline.php(208): Illuminate\\Foundation\\Application->make()
#14 /app/www/app/Http/Middleware/ApplyCspRules.php(33): Illuminate\\Pipeline\\Pipeline->{closure:{closure:Illuminate\\Pipeline\\Pipeline::carry():194}:195}()
#15 /app/www/vendor/laravel/framework/src/Illuminate/Pipeline/Pipeline.php(219): BookStack\\Http\\Middleware\\ApplyCspRules->handle()
#16 /app/www/vendor/laravel/framework/src/Illuminate/Pipeline/Pipeline.php(137): Illuminate\\Pipeline\\Pipeline->{closure:{closure:Illuminate\\Pipeline\\Pipeline::carry():194}:195}()
#17 /app/www/vendor/laravel/framework/src/Illuminate/Routing/Router.php(821): Illuminate\\Pipeline\\Pipeline->then()
#18 /app/www/vendor/laravel/framework/src/Illuminate/Routing/Router.php(800): Illuminate\\Routing\\Router->runRouteWithinStack()
#19 /app/www/vendor/laravel/framework/src/Illuminate/Routing/Router.php(764): Illuminate\\Routing\\Router->runRoute()
#20 /app/www/vendor/laravel/framework/src/Illuminate/Routing/Router.php(753): Illuminate\\Routing\\Router->dispatchToRoute()
#21 /app/www/vendor/laravel/framework/src/Illuminate/Foundation/Http/Kernel.php(200): Illuminate\\Routing\\Router->dispatch()
#22 /app/www/vendor/laravel/framework/src/Illuminate/Pipeline/Pipeline.php(180): Illuminate\\Foundation\\Http\\Kernel->{closure:Illuminate\\Foundation\\Http\\Kernel::dispatchToRouter():197}()
#23 /app/www/app/Http/Middleware/PreventResponseCaching.php(28): Illuminate\\Pipeline\\Pipeline->{closure:Illuminate\\Pipeline\\Pipeline::prepareDestination():178}()
#24 /app/www/vendor/laravel/framework/src/Illuminate/Pipeline/Pipeline.php(219): BookStack\\Http\\Middleware\\PreventResponseCaching->handle()
#25 /app/www/vendor/laravel/framework/src/Illuminate/Http/Middleware/TrustProxies.php(58): Illuminate\\Pipeline\\Pipeline->{closure:{closure:Illuminate\\Pipeline\\Pipeline::carry():194}:195}()
#26 /app/www/app/Http/Middleware/TrustProxies.php(41): Illuminate\\Http\\Middleware\\TrustProxies->handle()
#27 /app/www/vendor/laravel/framework/src/Illuminate/Pipeline/Pipeline.php(219): BookStack\\Http\\Middleware\\TrustProxies->handle()
#28 /app/www/vendor/laravel/framework/src/Illuminate/Foundation/Http/Middleware/TransformsRequest.php(21): Illuminate\\Pipeline\\Pipeline->{closure:{closure:Illuminate\\Pipeline\\Pipeline::carry():194}:195}()
#29 /app/www/vendor/laravel/framework/src/Illuminate/Foundation/Http/Middleware/TrimStrings.php(51): Illuminate\\Foundation\\Http\\Middleware\\TransformsRequest->handle()
#30 /app/www/vendor/laravel/framework/src/Illuminate/Pipeline/Pipeline.php(219): Illuminate\\Foundation\\Http\\Middleware\\TrimStrings->handle()
#31 /app/www/vendor/laravel/framework/src/Illuminate/Http/Middleware/ValidatePostSize.php(27): Illuminate\\Pipeline\\Pipeline->{closure:{closure:Illuminate\\Pipeline\\Pipeline::carry():194}:195}()
#32 /app/www/vendor/laravel/framework/src/Illuminate/Pipeline/Pipeline.php(219): Illuminate\\Http\\Middleware\\ValidatePostSize->handle()
#33 /app/www/vendor/laravel/framework/src/Illuminate/Foundation/Http/Middleware/PreventRequestsDuringMaintenance.php(109): Illuminate\\Pipeline\\Pipeline->{closure:{closure:Illuminate\\Pipeline\\Pipeline::carry():194}:195}()
#34 /app/www/vendor/laravel/framework/src/Illuminate/Pipeline/Pipeline.php(219): Illuminate\\Foundation\\Http\\Middleware\\PreventRequestsDuringMaintenance->handle()
#35 /app/www/vendor/laravel/framework/src/Illuminate/Pipeline/Pipeline.php(137): Illuminate\\Pipeline\\Pipeline->{closure:{closure:Illuminate\\Pipeline\\Pipeline::carry():194}:195}()
#36 /app/www/vendor/laravel/framework/src/Illuminate/Foundation/Http/Kernel.php(175): Illuminate\\Pipeline\\Pipeline->then()
#37 /app/www/vendor/laravel/framework/src/Illuminate/Foundation/Http/Kernel.php(144): Illuminate\\Foundation\\Http\\Kernel->sendRequestThroughRouter()
#38 /app/www/public/index.php(23): Illuminate\\Foundation\\Http\\Kernel->handle()
#39 {main}
"} 
[2026-07-03 19:11:31] production.ERROR: Unsupported cipher or incorrect key length. Supported ciphers are: aes-128-cbc, aes-256-cbc, aes-128-gcm, aes-256-gcm. {"exception":"[object] (RuntimeException(code: 0): Unsupported cipher or incorrect key length. Supported ciphers are: aes-128-cbc, aes-256-cbc, aes-128-gcm, aes-256-gcm. at /app/www/vendor/laravel/framework/src/Illuminate/Encryption/Encrypter.php:61)
[stacktrace]
#0 /app/www/vendor/laravel/framework/src/Illuminate/Encryption/EncryptionServiceProvider.php(32): Illuminate\\Encryption\\Encrypter->__construct()
#1 /app/www/vendor/laravel/framework/src/Illuminate/Container/Container.php(1115): Illuminate\\Encryption\\EncryptionServiceProvider->{closure:Illuminate\\Encryption\\EncryptionServiceProvider::registerEncrypter():29}()
#2 /app/www/vendor/laravel/framework/src/Illuminate/Container/Container.php(933): Illuminate\\Container\\Container->build()
#3 /app/www/vendor/laravel/framework/src/Illuminate/Foundation/Application.php(1078): Illuminate\\Container\\Container->resolve()
#4 /app/www/vendor/laravel/framework/src/Illuminate/Container/Container.php(864): Illuminate\\Foundation\\Application->resolve()
#5 /app/www/vendor/laravel/framework/src/Illuminate/Foundation/Application.php(1058): Illuminate\\Container\\Container->make()
#6 /app/www/vendor/laravel/framework/src/Illuminate/Container/Container.php(1336): Illuminate\\Foundation\\Application->make()
#7 /app/www/vendor/laravel/framework/src/Illuminate/Container/Container.php(1237): Illuminate\\Container\\Container->resolveClass()
#8 /app/www/vendor/laravel/framework/src/Illuminate/Container/Container.php(1162): Illuminate\\Container\\Container->resolveDependencies()
#9 /app/www/vendor/laravel/framework/src/Illuminate/Container/Container.php(933): Illuminate\\Container\\Container->build()
#10 /app/www/vendor/laravel/framework/src/Illuminate/Foundation/Application.php(1078): Illuminate\\Container\\Container->resolve()
#11 /app/www/vendor/laravel/framework/src/Illuminate/Container/Container.php(864): Illuminate\\Foundation\\Application->resolve()
#12 /app/www/vendor/laravel/framework/src/Illuminate/Foundation/Application.php(1058): Illuminate\\Container\\Container->make()
#13 /app/www/vendor/laravel/framework/src/Illuminate/Foundation/Http/Kernel.php(257): Illuminate\\Foundation\\Application->make()
#14 /app/www/vendor/laravel/framework/src/Illuminate/Foundation/Http/Kernel.php(215): Illuminate\\Foundation\\Http\\Kernel->terminateMiddleware()
#15 /app/www/public/index.php(27): Illuminate\\Foundation\\Http\\Kernel->terminate()
#16 {main}
"} 
[2026-07-03 19:11:31] production.ERROR: Unsupported cipher or incorrect key length. Supported ciphers are: aes-128-cbc, aes-256-cbc, aes-128-gcm, aes-256-gcm. {"exception":"[object] (RuntimeException(code: 0): Unsupported cipher or incorrect key length. Supported ciphers are: aes-128-cbc, aes-256-cbc, aes-128-gcm, aes-256-gcm. at /app/www/vendor/laravel/framework/src/Illuminate/Encryption/Encrypter.php:61)
[stacktrace]
#0 /app/www/vendor/laravel/framework/src/Illuminate/Encryption/EncryptionServiceProvider.php(32): Illuminate\\Encryption\\Encrypter->__construct()
#1 /app/www/vendor/laravel/framework/src/Illuminate/Container/Container.php(1115): Illuminate\\Encryption\\EncryptionServiceProvider->{closure:Illuminate\\Encryption\\EncryptionServiceProvider::registerEncrypter():29}()
#2 /app/www/vendor/laravel/framework/src/Illuminate/Container/Container.php(933): Illuminate\\Container\\Container->build()
#3 /app/www/vendor/laravel/framework/src/Illuminate/Foundation/Application.php(1078): Illuminate\\Container\\Container->resolve()
#4 /app/www/vendor/laravel/framework/src/Illuminate/Container/Container.php(864): Illuminate\\Foundation\\Application->resolve()
#5 /app/www/vendor/laravel/framework/src/Illuminate/Foundation/Application.php(1058): Illuminate\\Container\\Container->make()
#6 /app/www/vendor/laravel/framework/src/Illuminate/Container/Container.php(1336): Illuminate\\Foundation\\Application->make()
#7 /app/www/vendor/laravel/framework/src/Illuminate/Container/Container.php(1237): Illuminate\\Container\\Container->resolveClass()
#8 /app/www/vendor/laravel/framework/src/Illuminate/Container/Container.php(1162): Illuminate\\Container\\Container->resolveDependencies()
#9 /app/www/vendor/laravel/framework/src/Illuminate/Container/Container.php(933): Illuminate\\Container\\Container->build()
#10 /app/www/vendor/laravel/framework/src/Illuminate/Foundation/Application.php(1078): Illuminate\\Container\\Container->resolve()
#11 /app/www/vendor/laravel/framework/src/Illuminate/Container/Container.php(864): Illuminate\\Foundation\\Application->resolve()
#12 /app/www/vendor/laravel/framework/src/Illuminate/Foundation/Application.php(1058): Illuminate\\Container\\Container->make()
#13 /app/www/vendor/laravel/framework/src/Illuminate/Pipeline/Pipeline.php(208): Illuminate\\Foundation\\Application->make()
#14 /app/www/app/Http/Middleware/ApplyCspRules.php(33): Illuminate\\Pipeline\\Pipeline->{closure:{closure:Illuminate\\Pipeline\\Pipeline::carry():194}:195}()
#15 /app/www/vendor/laravel/framework/src/Illuminate/Pipeline/Pipeline.php(219): BookStack\\Http\\Middleware\\ApplyCspRules->handle()
#16 /app/www/vendor/laravel/framework/src/Illuminate/Pipeline/Pipeline.php(137): Illuminate\\Pipeline\\Pipeline->{closure:{closure:Illuminate\\Pipeline\\Pipeline::carry():194}:195}()
#17 /app/www/vendor/laravel/framework/src/Illuminate/Routing/Router.php(821): Illuminate\\Pipeline\\Pipeline->then()
#18 /app/www/vendor/laravel/framework/src/Illuminate/Routing/Router.php(800): Illuminate\\Routing\\Router->runRouteWithinStack()
#19 /app/www/vendor/laravel/framework/src/Illuminate/Routing/Router.php(764): Illuminate\\Routing\\Router->runRoute()
#20 /app/www/vendor/laravel/framework/src/Illuminate/Routing/Router.php(753): Illuminate\\Routing\\Router->dispatchToRoute()
#21 /app/www/vendor/laravel/framework/src/Illuminate/Foundation/Http/Kernel.php(200): Illuminate\\Routing\\Router->dispatch()
#22 /app/www/vendor/laravel/framework/src/Illuminate/Pipeline/Pipeline.php(180): Illuminate\\Foundation\\Http\\Kernel->{closure:Illuminate\\Foundation\\Http\\Kernel::dispatchToRouter():197}()
#23 /app/www/app/Http/Middleware/PreventResponseCaching.php(28): Illuminate\\Pipeline\\Pipeline->{closure:Illuminate\\Pipeline\\Pipeline::prepareDestination():178}()
#24 /app/www/vendor/laravel/framework/src/Illuminate/Pipeline/Pipeline.php(219): BookStack\\Http\\Middleware\\PreventResponseCaching->handle()
#25 /app/www/vendor/laravel/framework/src/Illuminate/Http/Middleware/TrustProxies.php(58): Illuminate\\Pipeline\\Pipeline->{closure:{closure:Illuminate\\Pipeline\\Pipeline::carry():194}:195}()
#26 /app/www/app/Http/Middleware/TrustProxies.php(41): Illuminate\\Http\\Middleware\\TrustProxies->handle()
#27 /app/www/vendor/laravel/framework/src/Illuminate/Pipeline/Pipeline.php(219): BookStack\\Http\\Middleware\\TrustProxies->handle()
#28 /app/www/vendor/laravel/framework/src/Illuminate/Foundation/Http/Middleware/TransformsRequest.php(21): Illuminate\\Pipeline\\Pipeline->{closure:{closure:Illuminate\\Pipeline\\Pipeline::carry():194}:195}()
#29 /app/www/vendor/laravel/framework/src/Illuminate/Foundation/Http/Middleware/TrimStrings.php(51): Illuminate\\Foundation\\Http\\Middleware\\TransformsRequest->handle()
#30 /app/www/vendor/laravel/framework/src/Illuminate/Pipeline/Pipeline.php(219): Illuminate\\Foundation\\Http\\Middleware\\TrimStrings->handle()
#31 /app/www/vendor/laravel/framework/src/Illuminate/Http/Middleware/ValidatePostSize.php(27): Illuminate\\Pipeline\\Pipeline->{closure:{closure:Illuminate\\Pipeline\\Pipeline::carry():194}:195}()
#32 /app/www/vendor/laravel/framework/src/Illuminate/Pipeline/Pipeline.php(219): Illuminate\\Http\\Middleware\\ValidatePostSize->handle()
#33 /app/www/vendor/laravel/framework/src/Illuminate/Foundation/Http/Middleware/PreventRequestsDuringMaintenance.php(109): Illuminate\\Pipeline\\Pipeline->{closure:{closure:Illuminate\\Pipeline\\Pipeline::carry():194}:195}()
#34 /app/www/vendor/laravel/framework/src/Illuminate/Pipeline/Pipeline.php(219): Illuminate\\Foundation\\Http\\Middleware\\PreventRequestsDuringMaintenance->handle()
#35 /app/www/vendor/laravel/framework/src/Illuminate/Pipeline/Pipeline.php(137): Illuminate\\Pipeline\\Pipeline->{closure:{closure:Illuminate\\Pipeline\\Pipeline::carry():194}:195}()
#36 /app/www/vendor/laravel/framework/src/Illuminate/Foundation/Http/Kernel.php(175): Illuminate\\Pipeline\\Pipeline->then()
#37 /app/www/vendor/laravel/framework/src/Illuminate/Foundation/Http/Kernel.php(144): Illuminate\\Foundation\\Http\\Kernel->sendRequestThroughRouter()
#38 /app/www/public/index.php(23): Illuminate\\Foundation\\Http\\Kernel->handle()
#39 {main}
"} 
[2026-07-03 19:11:31] production.ERROR: Unsupported cipher or incorrect key length. Supported ciphers are: aes-128-cbc, aes-256-cbc, aes-128-gcm, aes-256-gcm. {"exception":"[object] (RuntimeException(code: 0): Unsupported cipher or incorrect key length. Supported ciphers are: aes-128-cbc, aes-256-cbc, aes-128-gcm, aes-256-gcm. at /app/www/vendor/laravel/framework/src/Illuminate/Encryption/Encrypter.php:61)
[stacktrace]
#0 /app/www/vendor/laravel/framework/src/Illuminate/Encryption/EncryptionServiceProvider.php(32): Illuminate\\Encryption\\Encrypter->__construct()
#1 /app/www/vendor/laravel/framework/src/Illuminate/Container/Container.php(1115): Illuminate\\Encryption\\EncryptionServiceProvider->{closure:Illuminate\\Encryption\\EncryptionServiceProvider::registerEncrypter():29}()
#2 /app/www/vendor/laravel/framework/src/Illuminate/Container/Container.php(933): Illuminate\\Container\\Container->build()
#3 /app/www/vendor/laravel/framework/src/Illuminate/Foundation/Application.php(1078): Illuminate\\Container\\Container->resolve()
#4 /app/www/vendor/laravel/framework/src/Illuminate/Container/Container.php(864): Illuminate\\Foundation\\Application->resolve()
#5 /app/www/vendor/laravel/framework/src/Illuminate/Foundation/Application.php(1058): Illuminate\\Container\\Container->make()
#6 /app/www/vendor/laravel/framework/src/Illuminate/Container/Container.php(1336): Illuminate\\Foundation\\Application->make()
#7 /app/www/vendor/laravel/framework/src/Illuminate/Container/Container.php(1237): Illuminate\\Container\\Container->resolveClass()
#8 /app/www/vendor/laravel/framework/src/Illuminate/Container/Container.php(1162): Illuminate\\Container\\Container->resolveDependencies()
#9 /app/www/vendor/laravel/framework/src/Illuminate/Container/Container.php(933): Illuminate\\Container\\Container->build()
#10 /app/www/vendor/laravel/framework/src/Illuminate/Foundation/Application.php(1078): Illuminate\\Container\\Container->resolve()
#11 /app/www/vendor/laravel/framework/src/Illuminate/Container/Container.php(864): Illuminate\\Foundation\\Application->resolve()
#12 /app/www/vendor/laravel/framework/src/Illuminate/Foundation/Application.php(1058): Illuminate\\Container\\Container->make()
#13 /app/www/vendor/laravel/framework/src/Illuminate/Foundation/Http/Kernel.php(257): Illuminate\\Foundation\\Application->make()
#14 /app/www/vendor/laravel/framework/src/Illuminate/Foundation/Http/Kernel.php(215): Illuminate\\Foundation\\Http\\Kernel->terminateMiddleware()
#15 /app/www/public/index.php(27): Illuminate\\Foundation\\Http\\Kernel->terminate()
#16 {main}
"} 
[2026-07-03 19:11:34] production.ERROR: Unsupported cipher or incorrect key length. Supported ciphers are: aes-128-cbc, aes-256-cbc, aes-128-gcm, aes-256-gcm. {"exception":"[object] (RuntimeException(code: 0): Unsupported cipher or incorrect key length. Supported ciphers are: aes-128-cbc, aes-256-cbc, aes-128-gcm, aes-256-gcm. at /app/www/vendor/laravel/framework/src/Illuminate/Encryption/Encrypter.php:61)
[stacktrace]
#0 /app/www/vendor/laravel/framework/src/Illuminate/Encryption/EncryptionServiceProvider.php(32): Illuminate\\Encryption\\Encrypter->__construct()
#1 /app/www/vendor/laravel/framework/src/Illuminate/Container/Container.php(1115): Illuminate\\Encryption\\EncryptionServiceProvider->{closure:Illuminate\\Encryption\\EncryptionServiceProvider::registerEncrypter():29}()
#2 /app/www/vendor/laravel/framework/src/Illuminate/Container/Container.php(933): Illuminate\\Container\\Container->build()
#3 /app/www/vendor/laravel/framework/src/Illuminate/Foundation/Application.php(1078): Illuminate\\Container\\Container->resolve()
#4 /app/www/vendor/laravel/framework/src/Illuminate/Container/Container.php(864): Illuminate\\Foundation\\Application->resolve()
#5 /app/www/vendor/laravel/framework/src/Illuminate/Foundation/Application.php(1058): Illuminate\\Container\\Container->make()
#6 /app/www/vendor/laravel/framework/src/Illuminate/Container/Container.php(1336): Illuminate\\Foundation\\Application->make()
#7 /app/www/vendor/laravel/framework/src/Illuminate/Container/Container.php(1237): Illuminate\\Container\\Container->resolveClass()
#8 /app/www/vendor/laravel/framework/src/Illuminate/Container/Container.php(1162): Illuminate\\Container\\Container->resolveDependencies()
#9 /app/www/vendor/laravel/framework/src/Illuminate/Container/Container.php(933): Illuminate\\Container\\Container->build()
#10 /app/www/vendor/laravel/framework/src/Illuminate/Foundation/Application.php(1078): Illuminate\\Container\\Container->resolve()
#11 /app/www/vendor/laravel/framework/src/Illuminate/Container/Container.php(864): Illuminate\\Foundation\\Application->resolve()
#12 /app/www/vendor/laravel/framework/src/Illuminate/Foundation/Application.php(1058): Illuminate\\Container\\Container->make()
#13 /app/www/vendor/laravel/framework/src/Illuminate/Pipeline/Pipeline.php(208): Illuminate\\Foundation\\Application->make()
#14 /app/www/app/Http/Middleware/ApplyCspRules.php(33): Illuminate\\Pipeline\\Pipeline->{closure:{closure:Illuminate\\Pipeline\\Pipeline::carry():194}:195}()
#15 /app/www/vendor/laravel/framework/src/Illuminate/Pipeline/Pipeline.php(219): BookStack\\Http\\Middleware\\ApplyCspRules->handle()
#16 /app/www/vendor/laravel/framework/src/Illuminate/Pipeline/Pipeline.php(137): Illuminate\\Pipeline\\Pipeline->{closure:{closure:Illuminate\\Pipeline\\Pipeline::carry():194}:195}()
#17 /app/www/vendor/laravel/framework/src/Illuminate/Routing/Router.php(821): Illuminate\\Pipeline\\Pipeline->then()
#18 /app/www/vendor/laravel/framework/src/Illuminate/Routing/Router.php(800): Illuminate\\Routing\\Router->runRouteWithinStack()
#19 /app/www/vendor/laravel/framework/src/Illuminate/Routing/Router.php(764): Illuminate\\Routing\\Router->runRoute()
#20 /app/www/vendor/laravel/framework/src/Illuminate/Routing/Router.php(753): Illuminate\\Routing\\Router->dispatchToRoute()
#21 /app/www/vendor/laravel/framework/src/Illuminate/Foundation/Http/Kernel.php(200): Illuminate\\Routing\\Router->dispatch()
#22 /app/www/vendor/laravel/framework/src/Illuminate/Pipeline/Pipeline.php(180): Illuminate\\Foundation\\Http\\Kernel->{closure:Illuminate\\Foundation\\Http\\Kernel::dispatchToRouter():197}()
#23 /app/www/app/Http/Middleware/PreventResponseCaching.php(28): Illuminate\\Pipeline\\Pipeline->{closure:Illuminate\\Pipeline\\Pipeline::prepareDestination():178}()
#24 /app/www/vendor/laravel/framework/src/Illuminate/Pipeline/Pipeline.php(219): BookStack\\Http\\Middleware\\PreventResponseCaching->handle()
#25 /app/www/vendor/laravel/framework/src/Illuminate/Http/Middleware/TrustProxies.php(58): Illuminate\\Pipeline\\Pipeline->{closure:{closure:Illuminate\\Pipeline\\Pipeline::carry():194}:195}()
#26 /app/www/app/Http/Middleware/TrustProxies.php(41): Illuminate\\Http\\Middleware\\TrustProxies->handle()
#27 /app/www/vendor/laravel/framework/src/Illuminate/Pipeline/Pipeline.php(219): BookStack\\Http\\Middleware\\TrustProxies->handle()
#28 /app/www/vendor/laravel/framework/src/Illuminate/Foundation/Http/Middleware/TransformsRequest.php(21): Illuminate\\Pipeline\\Pipeline->{closure:{closure:Illuminate\\Pipeline\\Pipeline::carry():194}:195}()
#29 /app/www/vendor/laravel/framework/src/Illuminate/Foundation/Http/Middleware/TrimStrings.php(51): Illuminate\\Foundation\\Http\\Middleware\\TransformsRequest->handle()
#30 /app/www/vendor/laravel/framework/src/Illuminate/Pipeline/Pipeline.php(219): Illuminate\\Foundation\\Http\\Middleware\\TrimStrings->handle()
#31 /app/www/vendor/laravel/framework/src/Illuminate/Http/Middleware/ValidatePostSize.php(27): Illuminate\\Pipeline\\Pipeline->{closure:{closure:Illuminate\\Pipeline\\Pipeline::carry():194}:195}()
#32 /app/www/vendor/laravel/framework/src/Illuminate/Pipeline/Pipeline.php(219): Illuminate\\Http\\Middleware\\ValidatePostSize->handle()
#33 /app/www/vendor/laravel/framework/src/Illuminate/Foundation/Http/Middleware/PreventRequestsDuringMaintenance.php(109): Illuminate\\Pipeline\\Pipeline->{closure:{closure:Illuminate\\Pipeline\\Pipeline::carry():194}:195}()
#34 /app/www/vendor/laravel/framework/src/Illuminate/Pipeline/Pipeline.php(219): Illuminate\\Foundation\\Http\\Middleware\\PreventRequestsDuringMaintenance->handle()
#35 /app/www/vendor/laravel/framework/src/Illuminate/Pipeline/Pipeline.php(137): Illuminate\\Pipeline\\Pipeline->{closure:{closure:Illuminate\\Pipeline\\Pipeline::carry():194}:195}()
#36 /app/www/vendor/laravel/framework/src/Illuminate/Foundation/Http/Kernel.php(175): Illuminate\\Pipeline\\Pipeline->then()
#37 /app/www/vendor/laravel/framework/src/Illuminate/Foundation/Http/Kernel.php(144): Illuminate\\Foundation\\Http\\Kernel->sendRequestThroughRouter()
#38 /app/www/public/index.php(23): Illuminate\\Foundation\\Http\\Kernel->handle()
#39 {main}
"} 
[2026-07-03 19:11:34] production.ERROR: Unsupported cipher or incorrect key length. Supported ciphers are: aes-128-cbc, aes-256-cbc, aes-128-gcm, aes-256-gcm. {"exception":"[object] (RuntimeException(code: 0): Unsupported cipher or incorrect key length. Supported ciphers are: aes-128-cbc, aes-256-cbc, aes-128-gcm, aes-256-gcm. at /app/www/vendor/laravel/framework/src/Illuminate/Encryption/Encrypter.php:61)
[stacktrace]
#0 /app/www/vendor/laravel/framework/src/Illuminate/Encryption/EncryptionServiceProvider.php(32): Illuminate\\Encryption\\Encrypter->__construct()
#1 /app/www/vendor/laravel/framework/src/Illuminate/Container/Container.php(1115): Illuminate\\Encryption\\EncryptionServiceProvider->{closure:Illuminate\\Encryption\\EncryptionServiceProvider::registerEncrypter():29}()
#2 /app/www/vendor/laravel/framework/src/Illuminate/Container/Container.php(933): Illuminate\\Container\\Container->build()
#3 /app/www/vendor/laravel/framework/src/Illuminate/Foundation/Application.php(1078): Illuminate\\Container\\Container->resolve()
#4 /app/www/vendor/laravel/framework/src/Illuminate/Container/Container.php(864): Illuminate\\Foundation\\Application->resolve()
#5 /app/www/vendor/laravel/framework/src/Illuminate/Foundation/Application.php(1058): Illuminate\\Container\\Container->make()
#6 /app/www/vendor/laravel/framework/src/Illuminate/Container/Container.php(1336): Illuminate\\Foundation\\Application->make()
#7 /app/www/vendor/laravel/framework/src/Illuminate/Container/Container.php(1237): Illuminate\\Container\\Container->resolveClass()
#8 /app/www/vendor/laravel/framework/src/Illuminate/Container/Container.php(1162): Illuminate\\Container\\Container->resolveDependencies()
#9 /app/www/vendor/laravel/framework/src/Illuminate/Container/Container.php(933): Illuminate\\Container\\Container->build()
#10 /app/www/vendor/laravel/framework/src/Illuminate/Foundation/Application.php(1078): Illuminate\\Container\\Container->resolve()
#11 /app/www/vendor/laravel/framework/src/Illuminate/Container/Container.php(864): Illuminate\\Foundation\\Application->resolve()
#12 /app/www/vendor/laravel/framework/src/Illuminate/Foundation/Application.php(1058): Illuminate\\Container\\Container->make()
#13 /app/www/vendor/laravel/framework/src/Illuminate/Foundation/Http/Kernel.php(257): Illuminate\\Foundation\\Application->make()
#14 /app/www/vendor/laravel/framework/src/Illuminate/Foundation/Http/Kernel.php(215): Illuminate\\Foundation\\Http\\Kernel->terminateMiddleware()
#15 /app/www/public/index.php(27): Illuminate\\Foundation\\Http\\Kernel->terminate()
#16 {main}
"} 
[2026-07-03 19:11:35] production.ERROR: Unsupported cipher or incorrect key length. Supported ciphers are: aes-128-cbc, aes-256-cbc, aes-128-gcm, aes-256-gcm. {"exception":"[object] (RuntimeException(code: 0): Unsupported cipher or incorrect key length. Supported ciphers are: aes-128-cbc, aes-256-cbc, aes-128-gcm, aes-256-gcm. at /app/www/vendor/laravel/framework/src/Illuminate/Encryption/Encrypter.php:61)
[stacktrace]
#0 /app/www/vendor/laravel/framework/src/Illuminate/Encryption/EncryptionServiceProvider.php(32): Illuminate\\Encryption\\Encrypter->__construct()
#1 /app/www/vendor/laravel/framework/src/Illuminate/Container/Container.php(1115): Illuminate\\Encryption\\EncryptionServiceProvider->{closure:Illuminate\\Encryption\\EncryptionServiceProvider::registerEncrypter():29}()
#2 /app/www/vendor/laravel/framework/src/Illuminate/Container/Container.php(933): Illuminate\\Container\\Container->build()
#3 /app/www/vendor/laravel/framework/src/Illuminate/Foundation/Application.php(1078): Illuminate\\Container\\Container->resolve()
#4 /app/www/vendor/laravel/framework/src/Illuminate/Container/Container.php(864): Illuminate\\Foundation\\Application->resolve()
#5 /app/www/vendor/laravel/framework/src/Illuminate/Foundation/Application.php(1058): Illuminate\\Container\\Container->make()
#6 /app/www/vendor/laravel/framework/src/Illuminate/Container/Container.php(1336): Illuminate\\Foundation\\Application->make()
#7 /app/www/vendor/laravel/framework/src/Illuminate/Container/Container.php(1237): Illuminate\\Container\\Container->resolveClass()
#8 /app/www/vendor/laravel/framework/src/Illuminate/Container/Container.php(1162): Illuminate\\Container\\Container->resolveDependencies()
#9 /app/www/vendor/laravel/framework/src/Illuminate/Container/Container.php(933): Illuminate\\Container\\Container->build()
#10 /app/www/vendor/laravel/framework/src/Illuminate/Foundation/Application.php(1078): Illuminate\\Container\\Container->resolve()
#11 /app/www/vendor/laravel/framework/src/Illuminate/Container/Container.php(864): Illuminate\\Foundation\\Application->resolve()
#12 /app/www/vendor/laravel/framework/src/Illuminate/Foundation/Application.php(1058): Illuminate\\Container\\Container->make()
#13 /app/www/vendor/laravel/framework/src/Illuminate/Pipeline/Pipeline.php(208): Illuminate\\Foundation\\Application->make()
#14 /app/www/app/Http/Middleware/ApplyCspRules.php(33): Illuminate\\Pipeline\\Pipeline->{closure:{closure:Illuminate\\Pipeline\\Pipeline::carry():194}:195}()
#15 /app/www/vendor/laravel/framework/src/Illuminate/Pipeline/Pipeline.php(219): BookStack\\Http\\Middleware\\ApplyCspRules->handle()
#16 /app/www/vendor/laravel/framework/src/Illuminate/Pipeline/Pipeline.php(137): Illuminate\\Pipeline\\Pipeline->{closure:{closure:Illuminate\\Pipeline\\Pipeline::carry():194}:195}()
#17 /app/www/vendor/laravel/framework/src/Illuminate/Routing/Router.php(821): Illuminate\\Pipeline\\Pipeline->then()
#18 /app/www/vendor/laravel/framework/src/Illuminate/Routing/Router.php(800): Illuminate\\Routing\\Router->runRouteWithinStack()
#19 /app/www/vendor/laravel/framework/src/Illuminate/Routing/Router.php(764): Illuminate\\Routing\\Router->runRoute()
#20 /app/www/vendor/laravel/framework/src/Illuminate/Routing/Router.php(753): Illuminate\\Routing\\Router->dispatchToRoute()
#21 /app/www/vendor/laravel/framework/src/Illuminate/Foundation/Http/Kernel.php(200): Illuminate\\Routing\\Router->dispatch()
#22 /app/www/vendor/laravel/framework/src/Illuminate/Pipeline/Pipeline.php(180): Illuminate\\Foundation\\Http\\Kernel->{closure:Illuminate\\Foundation\\Http\\Kernel::dispatchToRouter():197}()
#23 /app/www/app/Http/Middleware/PreventResponseCaching.php(28): Illuminate\\Pipeline\\Pipeline->{closure:Illuminate\\Pipeline\\Pipeline::prepareDestination():178}()
#24 /app/www/vendor/laravel/framework/src/Illuminate/Pipeline/Pipeline.php(219): BookStack\\Http\\Middleware\\PreventResponseCaching->handle()
#25 /app/www/vendor/laravel/framework/src/Illuminate/Http/Middleware/TrustProxies.php(58): Illuminate\\Pipeline\\Pipeline->{closure:{closure:Illuminate\\Pipeline\\Pipeline::carry():194}:195}()
#26 /app/www/app/Http/Middleware/TrustProxies.php(41): Illuminate\\Http\\Middleware\\TrustProxies->handle()
#27 /app/www/vendor/laravel/framework/src/Illuminate/Pipeline/Pipeline.php(219): BookStack\\Http\\Middleware\\TrustProxies->handle()
#28 /app/www/vendor/laravel/framework/src/Illuminate/Foundation/Http/Middleware/TransformsRequest.php(21): Illuminate\\Pipeline\\Pipeline->{closure:{closure:Illuminate\\Pipeline\\Pipeline::carry():194}:195}()
#29 /app/www/vendor/laravel/framework/src/Illuminate/Foundation/Http/Middleware/TrimStrings.php(51): Illuminate\\Foundation\\Http\\Middleware\\TransformsRequest->handle()
#30 /app/www/vendor/laravel/framework/src/Illuminate/Pipeline/Pipeline.php(219): Illuminate\\Foundation\\Http\\Middleware\\TrimStrings->handle()
#31 /app/www/vendor/laravel/framework/src/Illuminate/Http/Middleware/ValidatePostSize.php(27): Illuminate\\Pipeline\\Pipeline->{closure:{closure:Illuminate\\Pipeline\\Pipeline::carry():194}:195}()
#32 /app/www/vendor/laravel/framework/src/Illuminate/Pipeline/Pipeline.php(219): Illuminate\\Http\\Middleware\\ValidatePostSize->handle()
#33 /app/www/vendor/laravel/framework/src/Illuminate/Foundation/Http/Middleware/PreventRequestsDuringMaintenance.php(109): Illuminate\\Pipeline\\Pipeline->{closure:{closure:Illuminate\\Pipeline\\Pipeline::carry():194}:195}()
#34 /app/www/vendor/laravel/framework/src/Illuminate/Pipeline/Pipeline.php(219): Illuminate\\Foundation\\Http\\Middleware\\PreventRequestsDuringMaintenance->handle()
#35 /app/www/vendor/laravel/framework/src/Illuminate/Pipeline/Pipeline.php(137): Illuminate\\Pipeline\\Pipeline->{closure:{closure:Illuminate\\Pipeline\\Pipeline::carry():194}:195}()
#36 /app/www/vendor/laravel/framework/src/Illuminate/Foundation/Http/Kernel.php(175): Illuminate\\Pipeline\\Pipeline->then()
#37 /app/www/vendor/laravel/framework/src/Illuminate/Foundation/Http/Kernel.php(144): Illuminate\\Foundation\\Http\\Kernel->sendRequestThroughRouter()
#38 /app/www/public/index.php(23): Illuminate\\Foundation\\Http\\Kernel->handle()
#39 {main}
"} 
[2026-07-03 19:11:35] production.ERROR: Unsupported cipher or incorrect key length. Supported ciphers are: aes-128-cbc, aes-256-cbc, aes-128-gcm, aes-256-gcm. {"exception":"[object] (RuntimeException(code: 0): Unsupported cipher or incorrect key length. Supported ciphers are: aes-128-cbc, aes-256-cbc, aes-128-gcm, aes-256-gcm. at /app/www/vendor/laravel/framework/src/Illuminate/Encryption/Encrypter.php:61)
[stacktrace]
#0 /app/www/vendor/laravel/framework/src/Illuminate/Encryption/EncryptionServiceProvider.php(32): Illuminate\\Encryption\\Encrypter->__construct()
#1 /app/www/vendor/laravel/framework/src/Illuminate/Container/Container.php(1115): Illuminate\\Encryption\\EncryptionServiceProvider->{closure:Illuminate\\Encryption\\EncryptionServiceProvider::registerEncrypter():29}()
#2 /app/www/vendor/laravel/framework/src/Illuminate/Container/Container.php(933): Illuminate\\Container\\Container->build()
#3 /app/www/vendor/laravel/framework/src/Illuminate/Foundation/Application.php(1078): Illuminate\\Container\\Container->resolve()
#4 /app/www/vendor/laravel/framework/src/Illuminate/Container/Container.php(864): Illuminate\\Foundation\\Application->resolve()
#5 /app/www/vendor/laravel/framework/src/Illuminate/Foundation/Application.php(1058): Illuminate\\Container\\Container->make()
#6 /app/www/vendor/laravel/framework/src/Illuminate/Container/Container.php(1336): Illuminate\\Foundation\\Application->make()
#7 /app/www/vendor/laravel/framework/src/Illuminate/Container/Container.php(1237): Illuminate\\Container\\Container->resolveClass()
#8 /app/www/vendor/laravel/framework/src/Illuminate/Container/Container.php(1162): Illuminate\\Container\\Container->resolveDependencies()
#9 /app/www/vendor/laravel/framework/src/Illuminate/Container/Container.php(933): Illuminate\\Container\\Container->build()
#10 /app/www/vendor/laravel/framework/src/Illuminate/Foundation/Application.php(1078): Illuminate\\Container\\Container->resolve()
#11 /app/www/vendor/laravel/framework/src/Illuminate/Container/Container.php(864): Illuminate\\Foundation\\Application->resolve()
#12 /app/www/vendor/laravel/framework/src/Illuminate/Foundation/Application.php(1058): Illuminate\\Container\\Container->make()
#13 /app/www/vendor/laravel/framework/src/Illuminate/Foundation/Http/Kernel.php(257): Illuminate\\Foundation\\Application->make()
#14 /app/www/vendor/laravel/framework/src/Illuminate/Foundation/Http/Kernel.php(215): Illuminate\\Foundation\\Http\\Kernel->terminateMiddleware()
#15 /app/www/public/index.php(27): Illuminate\\Foundation\\Http\\Kernel->terminate()
#16 {main}
"} 
[2026-07-03 19:11:35] production.ERROR: Unsupported cipher or incorrect key length. Supported ciphers are: aes-128-cbc, aes-256-cbc, aes-128-gcm, aes-256-gcm. {"exception":"[object] (RuntimeException(code: 0): Unsupported cipher or incorrect key length. Supported ciphers are: aes-128-cbc, aes-256-cbc, aes-128-gcm, aes-256-gcm. at /app/www/vendor/laravel/framework/src/Illuminate/Encryption/Encrypter.php:61)
[stacktrace]
#0 /app/www/vendor/laravel/framework/src/Illuminate/Encryption/EncryptionServiceProvider.php(32): Illuminate\\Encryption\\Encrypter->__construct()
#1 /app/www/vendor/laravel/framework/src/Illuminate/Container/Container.php(1115): Illuminate\\Encryption\\EncryptionServiceProvider->{closure:Illuminate\\Encryption\\EncryptionServiceProvider::registerEncrypter():29}()
#2 /app/www/vendor/laravel/framework/src/Illuminate/Container/Container.php(933): Illuminate\\Container\\Container->build()
#3 /app/www/vendor/laravel/framework/src/Illuminate/Foundation/Application.php(1078): Illuminate\\Container\\Container->resolve()
#4 /app/www/vendor/laravel/framework/src/Illuminate/Container/Container.php(864): Illuminate\\Foundation\\Application->resolve()
#5 /app/www/vendor/laravel/framework/src/Illuminate/Foundation/Application.php(1058): Illuminate\\Container\\Container->make()
#6 /app/www/vendor/laravel/framework/src/Illuminate/Container/Container.php(1336): Illuminate\\Foundation\\Application->make()
#7 /app/www/vendor/laravel/framework/src/Illuminate/Container/Container.php(1237): Illuminate\\Container\\Container->resolveClass()
#8 /app/www/vendor/laravel/framework/src/Illuminate/Container/Container.php(1162): Illuminate\\Container\\Container->resolveDependencies()
#9 /app/www/vendor/laravel/framework/src/Illuminate/Container/Container.php(933): Illuminate\\Container\\Container->build()
#10 /app/www/vendor/laravel/framework/src/Illuminate/Foundation/Application.php(1078): Illuminate\\Container\\Container->resolve()
#11 /app/www/vendor/laravel/framework/src/Illuminate/Container/Container.php(864): Illuminate\\Foundation\\Application->resolve()
#12 /app/www/vendor/laravel/framework/src/Illuminate/Foundation/Application.php(1058): Illuminate\\Container\\Container->make()
#13 /app/www/vendor/laravel/framework/src/Illuminate/Pipeline/Pipeline.php(208): Illuminate\\Foundation\\Application->make()
#14 /app/www/app/Http/Middleware/ApplyCspRules.php(33): Illuminate\\Pipeline\\Pipeline->{closure:{closure:Illuminate\\Pipeline\\Pipeline::carry():194}:195}()
#15 /app/www/vendor/laravel/framework/src/Illuminate/Pipeline/Pipeline.php(219): BookStack\\Http\\Middleware\\ApplyCspRules->handle()
#16 /app/www/vendor/laravel/framework/src/Illuminate/Pipeline/Pipeline.php(137): Illuminate\\Pipeline\\Pipeline->{closure:{closure:Illuminate\\Pipeline\\Pipeline::carry():194}:195}()
#17 /app/www/vendor/laravel/framework/src/Illuminate/Routing/Router.php(821): Illuminate\\Pipeline\\Pipeline->then()
#18 /app/www/vendor/laravel/framework/src/Illuminate/Routing/Router.php(800): Illuminate\\Routing\\Router->runRouteWithinStack()
#19 /app/www/vendor/laravel/framework/src/Illuminate/Routing/Router.php(764): Illuminate\\Routing\\Router->runRoute()
#20 /app/www/vendor/laravel/framework/src/Illuminate/Routing/Router.php(753): Illuminate\\Routing\\Router->dispatchToRoute()
#21 /app/www/vendor/laravel/framework/src/Illuminate/Foundation/Http/Kernel.php(200): Illuminate\\Routing\\Router->dispatch()
#22 /app/www/vendor/laravel/framework/src/Illuminate/Pipeline/Pipeline.php(180): Illuminate\\Foundation\\Http\\Kernel->{closure:Illuminate\\Foundation\\Http\\Kernel::dispatchToRouter():197}()
#23 /app/www/app/Http/Middleware/PreventResponseCaching.php(28): Illuminate\\Pipeline\\Pipeline->{closure:Illuminate\\Pipeline\\Pipeline::prepareDestination():178}()
#24 /app/www/vendor/laravel/framework/src/Illuminate/Pipeline/Pipeline.php(219): BookStack\\Http\\Middleware\\PreventResponseCaching->handle()
#25 /app/www/vendor/laravel/framework/src/Illuminate/Http/Middleware/TrustProxies.php(58): Illuminate\\Pipeline\\Pipeline->{closure:{closure:Illuminate\\Pipeline\\Pipeline::carry():194}:195}()
#26 /app/www/app/Http/Middleware/TrustProxies.php(41): Illuminate\\Http\\Middleware\\TrustProxies->handle()
#27 /app/www/vendor/laravel/framework/src/Illuminate/Pipeline/Pipeline.php(219): BookStack\\Http\\Middleware\\TrustProxies->handle()
#28 /app/www/vendor/laravel/framework/src/Illuminate/Foundation/Http/Middleware/TransformsRequest.php(21): Illuminate\\Pipeline\\Pipeline->{closure:{closure:Illuminate\\Pipeline\\Pipeline::carry():194}:195}()
#29 /app/www/vendor/laravel/framework/src/Illuminate/Foundation/Http/Middleware/TrimStrings.php(51): Illuminate\\Foundation\\Http\\Middleware\\TransformsRequest->handle()
#30 /app/www/vendor/laravel/framework/src/Illuminate/Pipeline/Pipeline.php(219): Illuminate\\Foundation\\Http\\Middleware\\TrimStrings->handle()
#31 /app/www/vendor/laravel/framework/src/Illuminate/Http/Middleware/ValidatePostSize.php(27): Illuminate\\Pipeline\\Pipeline->{closure:{closure:Illuminate\\Pipeline\\Pipeline::carry():194}:195}()
#32 /app/www/vendor/laravel/framework/src/Illuminate/Pipeline/Pipeline.php(219): Illuminate\\Http\\Middleware\\ValidatePostSize->handle()
#33 /app/www/vendor/laravel/framework/src/Illuminate/Foundation/Http/Middleware/PreventRequestsDuringMaintenance.php(109): Illuminate\\Pipeline\\Pipeline->{closure:{closure:Illuminate\\Pipeline\\Pipeline::carry():194}:195}()
#34 /app/www/vendor/laravel/framework/src/Illuminate/Pipeline/Pipeline.php(219): Illuminate\\Foundation\\Http\\Middleware\\PreventRequestsDuringMaintenance->handle()
#35 /app/www/vendor/laravel/framework/src/Illuminate/Pipeline/Pipeline.php(137): Illuminate\\Pipeline\\Pipeline->{closure:{closure:Illuminate\\Pipeline\\Pipeline::carry():194}:195}()
#36 /app/www/vendor/laravel/framework/src/Illuminate/Foundation/Http/Kernel.php(175): Illuminate\\Pipeline\\Pipeline->then()
#37 /app/www/vendor/laravel/framework/src/Illuminate/Foundation/Http/Kernel.php(144): Illuminate\\Foundation\\Http\\Kernel->sendRequestThroughRouter()
#38 /app/www/public/index.php(23): Illuminate\\Foundation\\Http\\Kernel->handle()
#39 {main}
"} 
[2026-07-03 19:11:35] production.ERROR: Unsupported cipher or incorrect key length. Supported ciphers are: aes-128-cbc, aes-256-cbc, aes-128-gcm, aes-256-gcm. {"exception":"[object] (RuntimeException(code: 0): Unsupported cipher or incorrect key length. Supported ciphers are: aes-128-cbc, aes-256-cbc, aes-128-gcm, aes-256-gcm. at /app/www/vendor/laravel/framework/src/Illuminate/Encryption/Encrypter.php:61)
[stacktrace]
#0 /app/www/vendor/laravel/framework/src/Illuminate/Encryption/EncryptionServiceProvider.php(32): Illuminate\\Encryption\\Encrypter->__construct()
#1 /app/www/vendor/laravel/framework/src/Illuminate/Container/Container.php(1115): Illuminate\\Encryption\\EncryptionServiceProvider->{closure:Illuminate\\Encryption\\EncryptionServiceProvider::registerEncrypter():29}()
#2 /app/www/vendor/laravel/framework/src/Illuminate/Container/Container.php(933): Illuminate\\Container\\Container->build()
#3 /app/www/vendor/laravel/framework/src/Illuminate/Foundation/Application.php(1078): Illuminate\\Container\\Container->resolve()
#4 /app/www/vendor/laravel/framework/src/Illuminate/Container/Container.php(864): Illuminate\\Foundation\\Application->resolve()
#5 /app/www/vendor/laravel/framework/src/Illuminate/Foundation/Application.php(1058): Illuminate\\Container\\Container->make()
#6 /app/www/vendor/laravel/framework/src/Illuminate/Container/Container.php(1336): Illuminate\\Foundation\\Application->make()
#7 /app/www/vendor/laravel/framework/src/Illuminate/Container/Container.php(1237): Illuminate\\Container\\Container->resolveClass()
#8 /app/www/vendor/laravel/framework/src/Illuminate/Container/Container.php(1162): Illuminate\\Container\\Container->resolveDependencies()
#9 /app/www/vendor/laravel/framework/src/Illuminate/Container/Container.php(933): Illuminate\\Container\\Container->build()
#10 /app/www/vendor/laravel/framework/src/Illuminate/Foundation/Application.php(1078): Illuminate\\Container\\Container->resolve()
#11 /app/www/vendor/laravel/framework/src/Illuminate/Container/Container.php(864): Illuminate\\Foundation\\Application->resolve()
#12 /app/www/vendor/laravel/framework/src/Illuminate/Foundation/Application.php(1058): Illuminate\\Container\\Container->make()
#13 /app/www/vendor/laravel/framework/src/Illuminate/Foundation/Http/Kernel.php(257): Illuminate\\Foundation\\Application->make()
#14 /app/www/vendor/laravel/framework/src/Illuminate/Foundation/Http/Kernel.php(215): Illuminate\\Foundation\\Http\\Kernel->terminateMiddleware()
#15 /app/www/public/index.php(27): Illuminate\\Foundation\\Http\\Kernel->terminate()
#16 {main}
"} 
[2026-07-03 19:11:35] production.ERROR: Unsupported cipher or incorrect key length. Supported ciphers are: aes-128-cbc, aes-256-cbc, aes-128-gcm, aes-256-gcm. {"exception":"[object] (RuntimeException(code: 0): Unsupported cipher or incorrect key length. Supported ciphers are: aes-128-cbc, aes-256-cbc, aes-128-gcm, aes-256-gcm. at /app/www/vendor/laravel/framework/src/Illuminate/Encryption/Encrypter.php:61)
[stacktrace]
#0 /app/www/vendor/laravel/framework/src/Illuminate/Encryption/EncryptionServiceProvider.php(32): Illuminate\\Encryption\\Encrypter->__construct()
#1 /app/www/vendor/laravel/framework/src/Illuminate/Container/Container.php(1115): Illuminate\\Encryption\\EncryptionServiceProvider->{closure:Illuminate\\Encryption\\EncryptionServiceProvider::registerEncrypter():29}()
#2 /app/www/vendor/laravel/framework/src/Illuminate/Container/Container.php(933): Illuminate\\Container\\Container->build()
#3 /app/www/vendor/laravel/framework/src/Illuminate/Foundation/Application.php(1078): Illuminate\\Container\\Container->resolve()
#4 /app/www/vendor/laravel/framework/src/Illuminate/Container/Container.php(864): Illuminate\\Foundation\\Application->resolve()
#5 /app/www/vendor/laravel/framework/src/Illuminate/Foundation/Application.php(1058): Illuminate\\Container\\Container->make()
#6 /app/www/vendor/laravel/framework/src/Illuminate/Container/Container.php(1336): Illuminate\\Foundation\\Application->make()
#7 /app/www/vendor/laravel/framework/src/Illuminate/Container/Container.php(1237): Illuminate\\Container\\Container->resolveClass()
#8 /app/www/vendor/laravel/framework/src/Illuminate/Container/Container.php(1162): Illuminate\\Container\\Container->resolveDependencies()
#9 /app/www/vendor/laravel/framework/src/Illuminate/Container/Container.php(933): Illuminate\\Container\\Container->build()
#10 /app/www/vendor/laravel/framework/src/Illuminate/Foundation/Application.php(1078): Illuminate\\Container\\Container->resolve()
#11 /app/www/vendor/laravel/framework/src/Illuminate/Container/Container.php(864): Illuminate\\Foundation\\Application->resolve()
#12 /app/www/vendor/laravel/framework/src/Illuminate/Foundation/Application.php(1058): Illuminate\\Container\\Container->make()
#13 /app/www/vendor/laravel/framework/src/Illuminate/Pipeline/Pipeline.php(208): Illuminate\\Foundation\\Application->make()
#14 /app/www/app/Http/Middleware/ApplyCspRules.php(33): Illuminate\\Pipeline\\Pipeline->{closure:{closure:Illuminate\\Pipeline\\Pipeline::carry():194}:195}()
#15 /app/www/vendor/laravel/framework/src/Illuminate/Pipeline/Pipeline.php(219): BookStack\\Http\\Middleware\\ApplyCspRules->handle()
#16 /app/www/vendor/laravel/framework/src/Illuminate/Pipeline/Pipeline.php(137): Illuminate\\Pipeline\\Pipeline->{closure:{closure:Illuminate\\Pipeline\\Pipeline::carry():194}:195}()
#17 /app/www/vendor/laravel/framework/src/Illuminate/Routing/Router.php(821): Illuminate\\Pipeline\\Pipeline->then()
#18 /app/www/vendor/laravel/framework/src/Illuminate/Routing/Router.php(800): Illuminate\\Routing\\Router->runRouteWithinStack()
#19 /app/www/vendor/laravel/framework/src/Illuminate/Routing/Router.php(764): Illuminate\\Routing\\Router->runRoute()
#20 /app/www/vendor/laravel/framework/src/Illuminate/Routing/Router.php(753): Illuminate\\Routing\\Router->dispatchToRoute()
#21 /app/www/vendor/laravel/framework/src/Illuminate/Foundation/Http/Kernel.php(200): Illuminate\\Routing\\Router->dispatch()
#22 /app/www/vendor/laravel/framework/src/Illuminate/Pipeline/Pipeline.php(180): Illuminate\\Foundation\\Http\\Kernel->{closure:Illuminate\\Foundation\\Http\\Kernel::dispatchToRouter():197}()
#23 /app/www/app/Http/Middleware/PreventResponseCaching.php(28): Illuminate\\Pipeline\\Pipeline->{closure:Illuminate\\Pipeline\\Pipeline::prepareDestination():178}()
#24 /app/www/vendor/laravel/framework/src/Illuminate/Pipeline/Pipeline.php(219): BookStack\\Http\\Middleware\\PreventResponseCaching->handle()
#25 /app/www/vendor/laravel/framework/src/Illuminate/Http/Middleware/TrustProxies.php(58): Illuminate\\Pipeline\\Pipeline->{closure:{closure:Illuminate\\Pipeline\\Pipeline::carry():194}:195}()
#26 /app/www/app/Http/Middleware/TrustProxies.php(41): Illuminate\\Http\\Middleware\\TrustProxies->handle()
#27 /app/www/vendor/laravel/framework/src/Illuminate/Pipeline/Pipeline.php(219): BookStack\\Http\\Middleware\\TrustProxies->handle()
#28 /app/www/vendor/laravel/framework/src/Illuminate/Foundation/Http/Middleware/TransformsRequest.php(21): Illuminate\\Pipeline\\Pipeline->{closure:{closure:Illuminate\\Pipeline\\Pipeline::carry():194}:195}()
#29 /app/www/vendor/laravel/framework/src/Illuminate/Foundation/Http/Middleware/TrimStrings.php(51): Illuminate\\Foundation\\Http\\Middleware\\TransformsRequest->handle()
#30 /app/www/vendor/laravel/framework/src/Illuminate/Pipeline/Pipeline.php(219): Illuminate\\Foundation\\Http\\Middleware\\TrimStrings->handle()
#31 /app/www/vendor/laravel/framework/src/Illuminate/Http/Middleware/ValidatePostSize.php(27): Illuminate\\Pipeline\\Pipeline->{closure:{closure:Illuminate\\Pipeline\\Pipeline::carry():194}:195}()
#32 /app/www/vendor/laravel/framework/src/Illuminate/Pipeline/Pipeline.php(219): Illuminate\\Http\\Middleware\\ValidatePostSize->handle()
#33 /app/www/vendor/laravel/framework/src/Illuminate/Foundation/Http/Middleware/PreventRequestsDuringMaintenance.php(109): Illuminate\\Pipeline\\Pipeline->{closure:{closure:Illuminate\\Pipeline\\Pipeline::carry():194}:195}()
#34 /app/www/vendor/laravel/framework/src/Illuminate/Pipeline/Pipeline.php(219): Illuminate\\Foundation\\Http\\Middleware\\PreventRequestsDuringMaintenance->handle()
#35 /app/www/vendor/laravel/framework/src/Illuminate/Pipeline/Pipeline.php(137): Illuminate\\Pipeline\\Pipeline->{closure:{closure:Illuminate\\Pipeline\\Pipeline::carry():194}:195}()
#36 /app/www/vendor/laravel/framework/src/Illuminate/Foundation/Http/Kernel.php(175): Illuminate\\Pipeline\\Pipeline->then()
#37 /app/www/vendor/laravel/framework/src/Illuminate/Foundation/Http/Kernel.php(144): Illuminate\\Foundation\\Http\\Kernel->sendRequestThroughRouter()
#38 /app/www/public/index.php(23): Illuminate\\Foundation\\Http\\Kernel->handle()
#39 {main}
"} 
[2026-07-03 19:11:35] production.ERROR: Unsupported cipher or incorrect key length. Supported ciphers are: aes-128-cbc, aes-256-cbc, aes-128-gcm, aes-256-gcm. {"exception":"[object] (RuntimeException(code: 0): Unsupported cipher or incorrect key length. Supported ciphers are: aes-128-cbc, aes-256-cbc, aes-128-gcm, aes-256-gcm. at /app/www/vendor/laravel/framework/src/Illuminate/Encryption/Encrypter.php:61)
[stacktrace]
#0 /app/www/vendor/laravel/framework/src/Illuminate/Encryption/EncryptionServiceProvider.php(32): Illuminate\\Encryption\\Encrypter->__construct()
#1 /app/www/vendor/laravel/framework/src/Illuminate/Container/Container.php(1115): Illuminate\\Encryption\\EncryptionServiceProvider->{closure:Illuminate\\Encryption\\EncryptionServiceProvider::registerEncrypter():29}()
#2 /app/www/vendor/laravel/framework/src/Illuminate/Container/Container.php(933): Illuminate\\Container\\Container->build()
#3 /app/www/vendor/laravel/framework/src/Illuminate/Foundation/Application.php(1078): Illuminate\\Container\\Container->resolve()
#4 /app/www/vendor/laravel/framework/src/Illuminate/Container/Container.php(864): Illuminate\\Foundation\\Application->resolve()
#5 /app/www/vendor/laravel/framework/src/Illuminate/Foundation/Application.php(1058): Illuminate\\Container\\Container->make()
#6 /app/www/vendor/laravel/framework/src/Illuminate/Container/Container.php(1336): Illuminate\\Foundation\\Application->make()
#7 /app/www/vendor/laravel/framework/src/Illuminate/Container/Container.php(1237): Illuminate\\Container\\Container->resolveClass()
#8 /app/www/vendor/laravel/framework/src/Illuminate/Container/Container.php(1162): Illuminate\\Container\\Container->resolveDependencies()
#9 /app/www/vendor/laravel/framework/src/Illuminate/Container/Container.php(933): Illuminate\\Container\\Container->build()
#10 /app/www/vendor/laravel/framework/src/Illuminate/Foundation/Application.php(1078): Illuminate\\Container\\Container->resolve()
#11 /app/www/vendor/laravel/framework/src/Illuminate/Container/Container.php(864): Illuminate\\Foundation\\Application->resolve()
#12 /app/www/vendor/laravel/framework/src/Illuminate/Foundation/Application.php(1058): Illuminate\\Container\\Container->make()
#13 /app/www/vendor/laravel/framework/src/Illuminate/Foundation/Http/Kernel.php(257): Illuminate\\Foundation\\Application->make()
#14 /app/www/vendor/laravel/framework/src/Illuminate/Foundation/Http/Kernel.php(215): Illuminate\\Foundation\\Http\\Kernel->terminateMiddleware()
#15 /app/www/public/index.php(27): Illuminate\\Foundation\\Http\\Kernel->terminate()
#16 {main}
"} 
[2026-07-03 19:14:48] production.ERROR: Unsupported cipher or incorrect key length. Supported ciphers are: aes-128-cbc, aes-256-cbc, aes-128-gcm, aes-256-gcm. {"exception":"[object] (RuntimeException(code: 0): Unsupported cipher or incorrect key length. Supported ciphers are: aes-128-cbc, aes-256-cbc, aes-128-gcm, aes-256-gcm. at /app/www/vendor/laravel/framework/src/Illuminate/Encryption/Encrypter.php:61)
[stacktrace]
#0 /app/www/vendor/laravel/framework/src/Illuminate/Encryption/EncryptionServiceProvider.php(32): Illuminate\\Encryption\\Encrypter->__construct()
#1 /app/www/vendor/laravel/framework/src/Illuminate/Container/Container.php(1115): Illuminate\\Encryption\\EncryptionServiceProvider->{closure:Illuminate\\Encryption\\EncryptionServiceProvider::registerEncrypter():29}()
#2 /app/www/vendor/laravel/framework/src/Illuminate/Container/Container.php(933): Illuminate\\Container\\Container->build()
#3 /app/www/vendor/laravel/framework/src/Illuminate/Foundation/Application.php(1078): Illuminate\\Container\\Container->resolve()
#4 /app/www/vendor/laravel/framework/src/Illuminate/Container/Container.php(864): Illuminate\\Foundation\\Application->resolve()
#5 /app/www/vendor/laravel/framework/src/Illuminate/Foundation/Application.php(1058): Illuminate\\Container\\Container->make()
#6 /app/www/vendor/laravel/framework/src/Illuminate/Container/Container.php(1336): Illuminate\\Foundation\\Application->make()
#7 /app/www/vendor/laravel/framework/src/Illuminate/Container/Container.php(1237): Illuminate\\Container\\Container->resolveClass()
#8 /app/www/vendor/laravel/framework/src/Illuminate/Container/Container.php(1162): Illuminate\\Container\\Container->resolveDependencies()
#9 /app/www/vendor/laravel/framework/src/Illuminate/Container/Container.php(933): Illuminate\\Container\\Container->build()
#10 /app/www/vendor/laravel/framework/src/Illuminate/Foundation/Application.php(1078): Illuminate\\Container\\Container->resolve()
#11 /app/www/vendor/laravel/framework/src/Illuminate/Container/Container.php(864): Illuminate\\Foundation\\Application->resolve()
#12 /app/www/vendor/laravel/framework/src/Illuminate/Foundation/Application.php(1058): Illuminate\\Container\\Container->make()
#13 /app/www/vendor/laravel/framework/src/Illuminate/Pipeline/Pipeline.php(208): Illuminate\\Foundation\\Application->make()
#14 /app/www/app/Http/Middleware/ApplyCspRules.php(33): Illuminate\\Pipeline\\Pipeline->{closure:{closure:Illuminate\\Pipeline\\Pipeline::carry():194}:195}()
#15 /app/www/vendor/laravel/framework/src/Illuminate/Pipeline/Pipeline.php(219): BookStack\\Http\\Middleware\\ApplyCspRules->handle()
#16 /app/www/vendor/laravel/framework/src/Illuminate/Pipeline/Pipeline.php(137): Illuminate\\Pipeline\\Pipeline->{closure:{closure:Illuminate\\Pipeline\\Pipeline::carry():194}:195}()
#17 /app/www/vendor/laravel/framework/src/Illuminate/Routing/Router.php(821): Illuminate\\Pipeline\\Pipeline->then()
#18 /app/www/vendor/laravel/framework/src/Illuminate/Routing/Router.php(800): Illuminate\\Routing\\Router->runRouteWithinStack()
#19 /app/www/vendor/laravel/framework/src/Illuminate/Routing/Router.php(764): Illuminate\\Routing\\Router->runRoute()
#20 /app/www/vendor/laravel/framework/src/Illuminate/Routing/Router.php(753): Illuminate\\Routing\\Router->dispatchToRoute()
#21 /app/www/vendor/laravel/framework/src/Illuminate/Foundation/Http/Kernel.php(200): Illuminate\\Routing\\Router->dispatch()
#22 /app/www/vendor/laravel/framework/src/Illuminate/Pipeline/Pipeline.php(180): Illuminate\\Foundation\\Http\\Kernel->{closure:Illuminate\\Foundation\\Http\\Kernel::dispatchToRouter():197}()
#23 /app/www/app/Http/Middleware/PreventResponseCaching.php(28): Illuminate\\Pipeline\\Pipeline->{closure:Illuminate\\Pipeline\\Pipeline::prepareDestination():178}()
#24 /app/www/vendor/laravel/framework/src/Illuminate/Pipeline/Pipeline.php(219): BookStack\\Http\\Middleware\\PreventResponseCaching->handle()
#25 /app/www/vendor/laravel/framework/src/Illuminate/Http/Middleware/TrustProxies.php(58): Illuminate\\Pipeline\\Pipeline->{closure:{closure:Illuminate\\Pipeline\\Pipeline::carry():194}:195}()
#26 /app/www/app/Http/Middleware/TrustProxies.php(41): Illuminate\\Http\\Middleware\\TrustProxies->handle()
#27 /app/www/vendor/laravel/framework/src/Illuminate/Pipeline/Pipeline.php(219): BookStack\\Http\\Middleware\\TrustProxies->handle()
#28 /app/www/vendor/laravel/framework/src/Illuminate/Foundation/Http/Middleware/TransformsRequest.php(21): Illuminate\\Pipeline\\Pipeline->{closure:{closure:Illuminate\\Pipeline\\Pipeline::carry():194}:195}()
#29 /app/www/vendor/laravel/framework/src/Illuminate/Foundation/Http/Middleware/TrimStrings.php(51): Illuminate\\Foundation\\Http\\Middleware\\TransformsRequest->handle()
#30 /app/www/vendor/laravel/framework/src/Illuminate/Pipeline/Pipeline.php(219): Illuminate\\Foundation\\Http\\Middleware\\TrimStrings->handle()
#31 /app/www/vendor/laravel/framework/src/Illuminate/Http/Middleware/ValidatePostSize.php(27): Illuminate\\Pipeline\\Pipeline->{closure:{closure:Illuminate\\Pipeline\\Pipeline::carry():194}:195}()
#32 /app/www/vendor/laravel/framework/src/Illuminate/Pipeline/Pipeline.php(219): Illuminate\\Http\\Middleware\\ValidatePostSize->handle()
#33 /app/www/vendor/laravel/framework/src/Illuminate/Foundation/Http/Middleware/PreventRequestsDuringMaintenance.php(109): Illuminate\\Pipeline\\Pipeline->{closure:{closure:Illuminate\\Pipeline\\Pipeline::carry():194}:195}()
#34 /app/www/vendor/laravel/framework/src/Illuminate/Pipeline/Pipeline.php(219): Illuminate\\Foundation\\Http\\Middleware\\PreventRequestsDuringMaintenance->handle()
#35 /app/www/vendor/laravel/framework/src/Illuminate/Pipeline/Pipeline.php(137): Illuminate\\Pipeline\\Pipeline->{closure:{closure:Illuminate\\Pipeline\\Pipeline::carry():194}:195}()
#36 /app/www/vendor/laravel/framework/src/Illuminate/Foundation/Http/Kernel.php(175): Illuminate\\Pipeline\\Pipeline->then()
#37 /app/www/vendor/laravel/framework/src/Illuminate/Foundation/Http/Kernel.php(144): Illuminate\\Foundation\\Http\\Kernel->sendRequestThroughRouter()
#38 /app/www/public/index.php(23): Illuminate\\Foundation\\Http\\Kernel->handle()
#39 {main}
"} 
[2026-07-03 19:14:48] production.ERROR: Unsupported cipher or incorrect key length. Supported ciphers are: aes-128-cbc, aes-256-cbc, aes-128-gcm, aes-256-gcm. {"exception":"[object] (RuntimeException(code: 0): Unsupported cipher or incorrect key length. Supported ciphers are: aes-128-cbc, aes-256-cbc, aes-128-gcm, aes-256-gcm. at /app/www/vendor/laravel/framework/src/Illuminate/Encryption/Encrypter.php:61)
[stacktrace]
#0 /app/www/vendor/laravel/framework/src/Illuminate/Encryption/EncryptionServiceProvider.php(32): Illuminate\\Encryption\\Encrypter->__construct()
#1 /app/www/vendor/laravel/framework/src/Illuminate/Container/Container.php(1115): Illuminate\\Encryption\\EncryptionServiceProvider->{closure:Illuminate\\Encryption\\EncryptionServiceProvider::registerEncrypter():29}()
#2 /app/www/vendor/laravel/framework/src/Illuminate/Container/Container.php(933): Illuminate\\Container\\Container->build()
#3 /app/www/vendor/laravel/framework/src/Illuminate/Foundation/Application.php(1078): Illuminate\\Container\\Container->resolve()
#4 /app/www/vendor/laravel/framework/src/Illuminate/Container/Container.php(864): Illuminate\\Foundation\\Application->resolve()
#5 /app/www/vendor/laravel/framework/src/Illuminate/Foundation/Application.php(1058): Illuminate\\Container\\Container->make()
#6 /app/www/vendor/laravel/framework/src/Illuminate/Container/Container.php(1336): Illuminate\\Foundation\\Application->make()
#7 /app/www/vendor/laravel/framework/src/Illuminate/Container/Container.php(1237): Illuminate\\Container\\Container->resolveClass()
#8 /app/www/vendor/laravel/framework/src/Illuminate/Container/Container.php(1162): Illuminate\\Container\\Container->resolveDependencies()
#9 /app/www/vendor/laravel/framework/src/Illuminate/Container/Container.php(933): Illuminate\\Container\\Container->build()
#10 /app/www/vendor/laravel/framework/src/Illuminate/Foundation/Application.php(1078): Illuminate\\Container\\Container->resolve()
#11 /app/www/vendor/laravel/framework/src/Illuminate/Container/Container.php(864): Illuminate\\Foundation\\Application->resolve()
#12 /app/www/vendor/laravel/framework/src/Illuminate/Foundation/Application.php(1058): Illuminate\\Container\\Container->make()
#13 /app/www/vendor/laravel/framework/src/Illuminate/Pipeline/Pipeline.php(208): Illuminate\\Foundation\\Application->make()
#14 /app/www/app/Http/Middleware/ApplyCspRules.php(33): Illuminate\\Pipeline\\Pipeline->{closure:{closure:Illuminate\\Pipeline\\Pipeline::carry():194}:195}()
#15 /app/www/vendor/laravel/framework/src/Illuminate/Pipeline/Pipeline.php(219): BookStack\\Http\\Middleware\\ApplyCspRules->handle()
#16 /app/www/vendor/laravel/framework/src/Illuminate/Pipeline/Pipeline.php(137): Illuminate\\Pipeline\\Pipeline->{closure:{closure:Illuminate\\Pipeline\\Pipeline::carry():194}:195}()
#17 /app/www/vendor/laravel/framework/src/Illuminate/Routing/Router.php(821): Illuminate\\Pipeline\\Pipeline->then()
#18 /app/www/vendor/laravel/framework/src/Illuminate/Routing/Router.php(800): Illuminate\\Routing\\Router->runRouteWithinStack()
#19 /app/www/vendor/laravel/framework/src/Illuminate/Routing/Router.php(764): Illuminate\\Routing\\Router->runRoute()
#20 /app/www/vendor/laravel/framework/src/Illuminate/Routing/Router.php(753): Illuminate\\Routing\\Router->dispatchToRoute()
#21 /app/www/vendor/laravel/framework/src/Illuminate/Foundation/Http/Kernel.php(200): Illuminate\\Routing\\Router->dispatch()
#22 /app/www/vendor/laravel/framework/src/Illuminate/Pipeline/Pipeline.php(180): Illuminate\\Foundation\\Http\\Kernel->{closure:Illuminate\\Foundation\\Http\\Kernel::dispatchToRouter():197}()
#23 /app/www/app/Http/Middleware/PreventResponseCaching.php(28): Illuminate\\Pipeline\\Pipeline->{closure:Illuminate\\Pipeline\\Pipeline::prepareDestination():178}()
#24 /app/www/vendor/laravel/framework/src/Illuminate/Pipeline/Pipeline.php(219): BookStack\\Http\\Middleware\\PreventResponseCaching->handle()
#25 /app/www/vendor/laravel/framework/src/Illuminate/Http/Middleware/TrustProxies.php(58): Illuminate\\Pipeline\\Pipeline->{closure:{closure:Illuminate\\Pipeline\\Pipeline::carry():194}:195}()
#26 /app/www/app/Http/Middleware/TrustProxies.php(41): Illuminate\\Http\\Middleware\\TrustProxies->handle()
#27 /app/www/vendor/laravel/framework/src/Illuminate/Pipeline/Pipeline.php(219): BookStack\\Http\\Middleware\\TrustProxies->handle()
#28 /app/www/vendor/laravel/framework/src/Illuminate/Foundation/Http/Middleware/TransformsRequest.php(21): Illuminate\\Pipeline\\Pipeline->{closure:{closure:Illuminate\\Pipeline\\Pipeline::carry():194}:195}()
#29 /app/www/vendor/laravel/framework/src/Illuminate/Foundation/Http/Middleware/TrimStrings.php(51): Illuminate\\Foundation\\Http\\Middleware\\TransformsRequest->handle()
#30 /app/www/vendor/laravel/framework/src/Illuminate/Pipeline/Pipeline.php(219): Illuminate\\Foundation\\Http\\Middleware\\TrimStrings->handle()
#31 /app/www/vendor/laravel/framework/src/Illuminate/Http/Middleware/ValidatePostSize.php(27): Illuminate\\Pipeline\\Pipeline->{closure:{closure:Illuminate\\Pipeline\\Pipeline::carry():194}:195}()
#32 /app/www/vendor/laravel/framework/src/Illuminate/Pipeline/Pipeline.php(219): Illuminate\\Http\\Middleware\\ValidatePostSize->handle()
#33 /app/www/vendor/laravel/framework/src/Illuminate/Foundation/Http/Middleware/PreventRequestsDuringMaintenance.php(109): Illuminate\\Pipeline\\Pipeline->{closure:{closure:Illuminate\\Pipeline\\Pipeline::carry():194}:195}()
#34 /app/www/vendor/laravel/framework/src/Illuminate/Pipeline/Pipeline.php(219): Illuminate\\Foundation\\Http\\Middleware\\PreventRequestsDuringMaintenance->handle()
#35 /app/www/vendor/laravel/framework/src/Illuminate/Pipeline/Pipeline.php(137): Illuminate\\Pipeline\\Pipeline->{closure:{closure:Illuminate\\Pipeline\\Pipeline::carry():194}:195}()
#36 /app/www/vendor/laravel/framework/src/Illuminate/Foundation/Http/Kernel.php(175): Illuminate\\Pipeline\\Pipeline->then()
#37 /app/www/vendor/laravel/framework/src/Illuminate/Foundation/Http/Kernel.php(144): Illuminate\\Foundation\\Http\\Kernel->sendRequestThroughRouter()
#38 /app/www/public/index.php(23): Illuminate\\Foundation\\Http\\Kernel->handle()
#39 {main}
"} 
[2026-07-03 19:14:48] production.ERROR: Unsupported cipher or incorrect key length. Supported ciphers are: aes-128-cbc, aes-256-cbc, aes-128-gcm, aes-256-gcm. {"exception":"[object] (RuntimeException(code: 0): Unsupported cipher or incorrect key length. Supported ciphers are: aes-128-cbc, aes-256-cbc, aes-128-gcm, aes-256-gcm. at /app/www/vendor/laravel/framework/src/Illuminate/Encryption/Encrypter.php:61)
[stacktrace]
#0 /app/www/vendor/laravel/framework/src/Illuminate/Encryption/EncryptionServiceProvider.php(32): Illuminate\\Encryption\\Encrypter->__construct()
#1 /app/www/vendor/laravel/framework/src/Illuminate/Container/Container.php(1115): Illuminate\\Encryption\\EncryptionServiceProvider->{closure:Illuminate\\Encryption\\EncryptionServiceProvider::registerEncrypter():29}()
#2 /app/www/vendor/laravel/framework/src/Illuminate/Container/Container.php(933): Illuminate\\Container\\Container->build()
#3 /app/www/vendor/laravel/framework/src/Illuminate/Foundation/Application.php(1078): Illuminate\\Container\\Container->resolve()
#4 /app/www/vendor/laravel/framework/src/Illuminate/Container/Container.php(864): Illuminate\\Foundation\\Application->resolve()
#5 /app/www/vendor/laravel/framework/src/Illuminate/Foundation/Application.php(1058): Illuminate\\Container\\Container->make()
#6 /app/www/vendor/laravel/framework/src/Illuminate/Container/Container.php(1336): Illuminate\\Foundation\\Application->make()
#7 /app/www/vendor/laravel/framework/src/Illuminate/Container/Container.php(1237): Illuminate\\Container\\Container->resolveClass()
#8 /app/www/vendor/laravel/framework/src/Illuminate/Container/Container.php(1162): Illuminate\\Container\\Container->resolveDependencies()
#9 /app/www/vendor/laravel/framework/src/Illuminate/Container/Container.php(933): Illuminate\\Container\\Container->build()
#10 /app/www/vendor/laravel/framework/src/Illuminate/Foundation/Application.php(1078): Illuminate\\Container\\Container->resolve()
#11 /app/www/vendor/laravel/framework/src/Illuminate/Container/Container.php(864): Illuminate\\Foundation\\Application->resolve()
#12 /app/www/vendor/laravel/framework/src/Illuminate/Foundation/Application.php(1058): Illuminate\\Container\\Container->make()
#13 /app/www/vendor/laravel/framework/src/Illuminate/Foundation/Http/Kernel.php(257): Illuminate\\Foundation\\Application->make()
#14 /app/www/vendor/laravel/framework/src/Illuminate/Foundation/Http/Kernel.php(215): Illuminate\\Foundation\\Http\\Kernel->terminateMiddleware()
#15 /app/www/public/index.php(27): Illuminate\\Foundation\\Http\\Kernel->terminate()
#16 {main}
"} 
[2026-07-03 19:14:48] production.ERROR: Unsupported cipher or incorrect key length. Supported ciphers are: aes-128-cbc, aes-256-cbc, aes-128-gcm, aes-256-gcm. {"exception":"[object] (RuntimeException(code: 0): Unsupported cipher or incorrect key length. Supported ciphers are: aes-128-cbc, aes-256-cbc, aes-128-gcm, aes-256-gcm. at /app/www/vendor/laravel/framework/src/Illuminate/Encryption/Encrypter.php:61)
[stacktrace]
#0 /app/www/vendor/laravel/framework/src/Illuminate/Encryption/EncryptionServiceProvider.php(32): Illuminate\\Encryption\\Encrypter->__construct()
#1 /app/www/vendor/laravel/framework/src/Illuminate/Container/Container.php(1115): Illuminate\\Encryption\\EncryptionServiceProvider->{closure:Illuminate\\Encryption\\EncryptionServiceProvider::registerEncrypter():29}()
#2 /app/www/vendor/laravel/framework/src/Illuminate/Container/Container.php(933): Illuminate\\Container\\Container->build()
#3 /app/www/vendor/laravel/framework/src/Illuminate/Foundation/Application.php(1078): Illuminate\\Container\\Container->resolve()
#4 /app/www/vendor/laravel/framework/src/Illuminate/Container/Container.php(864): Illuminate\\Foundation\\Application->resolve()
#5 /app/www/vendor/laravel/framework/src/Illuminate/Foundation/Application.php(1058): Illuminate\\Container\\Container->make()
#6 /app/www/vendor/laravel/framework/src/Illuminate/Container/Container.php(1336): Illuminate\\Foundation\\Application->make()
#7 /app/www/vendor/laravel/framework/src/Illuminate/Container/Container.php(1237): Illuminate\\Container\\Container->resolveClass()
#8 /app/www/vendor/laravel/framework/src/Illuminate/Container/Container.php(1162): Illuminate\\Container\\Container->resolveDependencies()
#9 /app/www/vendor/laravel/framework/src/Illuminate/Container/Container.php(933): Illuminate\\Container\\Container->build()
#10 /app/www/vendor/laravel/framework/src/Illuminate/Foundation/Application.php(1078): Illuminate\\Container\\Container->resolve()
#11 /app/www/vendor/laravel/framework/src/Illuminate/Container/Container.php(864): Illuminate\\Foundation\\Application->resolve()
#12 /app/www/vendor/laravel/framework/src/Illuminate/Foundation/Application.php(1058): Illuminate\\Container\\Container->make()
#13 /app/www/vendor/laravel/framework/src/Illuminate/Foundation/Http/Kernel.php(257): Illuminate\\Foundation\\Application->make()
#14 /app/www/vendor/laravel/framework/src/Illuminate/Foundation/Http/Kernel.php(215): Illuminate\\Foundation\\Http\\Kernel->terminateMiddleware()
#15 /app/www/public/index.php(27): Illuminate\\Foundation\\Http\\Kernel->terminate()
#16 {main}
"} 
[2026-07-03 19:14:48] production.ERROR: Unsupported cipher or incorrect key length. Supported ciphers are: aes-128-cbc, aes-256-cbc, aes-128-gcm, aes-256-gcm. {"exception":"[object] (RuntimeException(code: 0): Unsupported cipher or incorrect key length. Supported ciphers are: aes-128-cbc, aes-256-cbc, aes-128-gcm, aes-256-gcm. at /app/www/vendor/laravel/framework/src/Illuminate/Encryption/Encrypter.php:61)
[stacktrace]
#0 /app/www/vendor/laravel/framework/src/Illuminate/Encryption/EncryptionServiceProvider.php(32): Illuminate\\Encryption\\Encrypter->__construct()
#1 /app/www/vendor/laravel/framework/src/Illuminate/Container/Container.php(1115): Illuminate\\Encryption\\EncryptionServiceProvider->{closure:Illuminate\\Encryption\\EncryptionServiceProvider::registerEncrypter():29}()
#2 /app/www/vendor/laravel/framework/src/Illuminate/Container/Container.php(933): Illuminate\\Container\\Container->build()
#3 /app/www/vendor/laravel/framework/src/Illuminate/Foundation/Application.php(1078): Illuminate\\Container\\Container->resolve()
#4 /app/www/vendor/laravel/framework/src/Illuminate/Container/Container.php(864): Illuminate\\Foundation\\Application->resolve()
#5 /app/www/vendor/laravel/framework/src/Illuminate/Foundation/Application.php(1058): Illuminate\\Container\\Container->make()
#6 /app/www/vendor/laravel/framework/src/Illuminate/Container/Container.php(1336): Illuminate\\Foundation\\Application->make()
#7 /app/www/vendor/laravel/framework/src/Illuminate/Container/Container.php(1237): Illuminate\\Container\\Container->resolveClass()
#8 /app/www/vendor/laravel/framework/src/Illuminate/Container/Container.php(1162): Illuminate\\Container\\Container->resolveDependencies()
#9 /app/www/vendor/laravel/framework/src/Illuminate/Container/Container.php(933): Illuminate\\Container\\Container->build()
#10 /app/www/vendor/laravel/framework/src/Illuminate/Foundation/Application.php(1078): Illuminate\\Container\\Container->resolve()
#11 /app/www/vendor/laravel/framework/src/Illuminate/Container/Container.php(864): Illuminate\\Foundation\\Application->resolve()
#12 /app/www/vendor/laravel/framework/src/Illuminate/Foundation/Application.php(1058): Illuminate\\Container\\Container->make()
#13 /app/www/vendor/laravel/framework/src/Illuminate/Pipeline/Pipeline.php(208): Illuminate\\Foundation\\Application->make()
#14 /app/www/app/Http/Middleware/ApplyCspRules.php(33): Illuminate\\Pipeline\\Pipeline->{closure:{closure:Illuminate\\Pipeline\\Pipeline::carry():194}:195}()
#15 /app/www/vendor/laravel/framework/src/Illuminate/Pipeline/Pipeline.php(219): BookStack\\Http\\Middleware\\ApplyCspRules->handle()
#16 /app/www/vendor/laravel/framework/src/Illuminate/Pipeline/Pipeline.php(137): Illuminate\\Pipeline\\Pipeline->{closure:{closure:Illuminate\\Pipeline\\Pipeline::carry():194}:195}()
#17 /app/www/vendor/laravel/framework/src/Illuminate/Routing/Router.php(821): Illuminate\\Pipeline\\Pipeline->then()
#18 /app/www/vendor/laravel/framework/src/Illuminate/Routing/Router.php(800): Illuminate\\Routing\\Router->runRouteWithinStack()
#19 /app/www/vendor/laravel/framework/src/Illuminate/Routing/Router.php(764): Illuminate\\Routing\\Router->runRoute()
#20 /app/www/vendor/laravel/framework/src/Illuminate/Routing/Router.php(753): Illuminate\\Routing\\Router->dispatchToRoute()
#21 /app/www/vendor/laravel/framework/src/Illuminate/Foundation/Http/Kernel.php(200): Illuminate\\Routing\\Router->dispatch()
#22 /app/www/vendor/laravel/framework/src/Illuminate/Pipeline/Pipeline.php(180): Illuminate\\Foundation\\Http\\Kernel->{closure:Illuminate\\Foundation\\Http\\Kernel::dispatchToRouter():197}()
#23 /app/www/app/Http/Middleware/PreventResponseCaching.php(28): Illuminate\\Pipeline\\Pipeline->{closure:Illuminate\\Pipeline\\Pipeline::prepareDestination():178}()
#24 /app/www/vendor/laravel/framework/src/Illuminate/Pipeline/Pipeline.php(219): BookStack\\Http\\Middleware\\PreventResponseCaching->handle()
#25 /app/www/vendor/laravel/framework/src/Illuminate/Http/Middleware/TrustProxies.php(58): Illuminate\\Pipeline\\Pipeline->{closure:{closure:Illuminate\\Pipeline\\Pipeline::carry():194}:195}()
#26 /app/www/app/Http/Middleware/TrustProxies.php(41): Illuminate\\Http\\Middleware\\TrustProxies->handle()
#27 /app/www/vendor/laravel/framework/src/Illuminate/Pipeline/Pipeline.php(219): BookStack\\Http\\Middleware\\TrustProxies->handle()
#28 /app/www/vendor/laravel/framework/src/Illuminate/Foundation/Http/Middleware/TransformsRequest.php(21): Illuminate\\Pipeline\\Pipeline->{closure:{closure:Illuminate\\Pipeline\\Pipeline::carry():194}:195}()
#29 /app/www/vendor/laravel/framework/src/Illuminate/Foundation/Http/Middleware/TrimStrings.php(51): Illuminate\\Foundation\\Http\\Middleware\\TransformsRequest->handle()
#30 /app/www/vendor/laravel/framework/src/Illuminate/Pipeline/Pipeline.php(219): Illuminate\\Foundation\\Http\\Middleware\\TrimStrings->handle()
#31 /app/www/vendor/laravel/framework/src/Illuminate/Http/Middleware/ValidatePostSize.php(27): Illuminate\\Pipeline\\Pipeline->{closure:{closure:Illuminate\\Pipeline\\Pipeline::carry():194}:195}()
#32 /app/www/vendor/laravel/framework/src/Illuminate/Pipeline/Pipeline.php(219): Illuminate\\Http\\Middleware\\ValidatePostSize->handle()
#33 /app/www/vendor/laravel/framework/src/Illuminate/Foundation/Http/Middleware/PreventRequestsDuringMaintenance.php(109): Illuminate\\Pipeline\\Pipeline->{closure:{closure:Illuminate\\Pipeline\\Pipeline::carry():194}:195}()
#34 /app/www/vendor/laravel/framework/src/Illuminate/Pipeline/Pipeline.php(219): Illuminate\\Foundation\\Http\\Middleware\\PreventRequestsDuringMaintenance->handle()
#35 /app/www/vendor/laravel/framework/src/Illuminate/Pipeline/Pipeline.php(137): Illuminate\\Pipeline\\Pipeline->{closure:{closure:Illuminate\\Pipeline\\Pipeline::carry():194}:195}()
#36 /app/www/vendor/laravel/framework/src/Illuminate/Foundation/Http/Kernel.php(175): Illuminate\\Pipeline\\Pipeline->then()
#37 /app/www/vendor/laravel/framework/src/Illuminate/Foundation/Http/Kernel.php(144): Illuminate\\Foundation\\Http\\Kernel->sendRequestThroughRouter()
#38 /app/www/public/index.php(23): Illuminate\\Foundation\\Http\\Kernel->handle()
#39 {main}
"} 
[2026-07-03 19:14:48] production.ERROR: Unsupported cipher or incorrect key length. Supported ciphers are: aes-128-cbc, aes-256-cbc, aes-128-gcm, aes-256-gcm. {"exception":"[object] (RuntimeException(code: 0): Unsupported cipher or incorrect key length. Supported ciphers are: aes-128-cbc, aes-256-cbc, aes-128-gcm, aes-256-gcm. at /app/www/vendor/laravel/framework/src/Illuminate/Encryption/Encrypter.php:61)
[stacktrace]
#0 /app/www/vendor/laravel/framework/src/Illuminate/Encryption/EncryptionServiceProvider.php(32): Illuminate\\Encryption\\Encrypter->__construct()
#1 /app/www/vendor/laravel/framework/src/Illuminate/Container/Container.php(1115): Illuminate\\Encryption\\EncryptionServiceProvider->{closure:Illuminate\\Encryption\\EncryptionServiceProvider::registerEncrypter():29}()
#2 /app/www/vendor/laravel/framework/src/Illuminate/Container/Container.php(933): Illuminate\\Container\\Container->build()
#3 /app/www/vendor/laravel/framework/src/Illuminate/Foundation/Application.php(1078): Illuminate\\Container\\Container->resolve()
#4 /app/www/vendor/laravel/framework/src/Illuminate/Container/Container.php(864): Illuminate\\Foundation\\Application->resolve()
#5 /app/www/vendor/laravel/framework/src/Illuminate/Foundation/Application.php(1058): Illuminate\\Container\\Container->make()
#6 /app/www/vendor/laravel/framework/src/Illuminate/Container/Container.php(1336): Illuminate\\Foundation\\Application->make()
#7 /app/www/vendor/laravel/framework/src/Illuminate/Container/Container.php(1237): Illuminate\\Container\\Container->resolveClass()
#8 /app/www/vendor/laravel/framework/src/Illuminate/Container/Container.php(1162): Illuminate\\Container\\Container->resolveDependencies()
#9 /app/www/vendor/laravel/framework/src/Illuminate/Container/Container.php(933): Illuminate\\Container\\Container->build()
#10 /app/www/vendor/laravel/framework/src/Illuminate/Foundation/Application.php(1078): Illuminate\\Container\\Container->resolve()
#11 /app/www/vendor/laravel/framework/src/Illuminate/Container/Container.php(864): Illuminate\\Foundation\\Application->resolve()
#12 /app/www/vendor/laravel/framework/src/Illuminate/Foundation/Application.php(1058): Illuminate\\Container\\Container->make()
#13 /app/www/vendor/laravel/framework/src/Illuminate/Foundation/Http/Kernel.php(257): Illuminate\\Foundation\\Application->make()
#14 /app/www/vendor/laravel/framework/src/Illuminate/Foundation/Http/Kernel.php(215): Illuminate\\Foundation\\Http\\Kernel->terminateMiddleware()
#15 /app/www/public/index.php(27): Illuminate\\Foundation\\Http\\Kernel->terminate()
#16 {main}
"} 
[2026-07-03 19:14:48] production.ERROR: Unsupported cipher or incorrect key length. Supported ciphers are: aes-128-cbc, aes-256-cbc, aes-128-gcm, aes-256-gcm. {"exception":"[object] (RuntimeException(code: 0): Unsupported cipher or incorrect key length. Supported ciphers are: aes-128-cbc, aes-256-cbc, aes-128-gcm, aes-256-gcm. at /app/www/vendor/laravel/framework/src/Illuminate/Encryption/Encrypter.php:61)
[stacktrace]
#0 /app/www/vendor/laravel/framework/src/Illuminate/Encryption/EncryptionServiceProvider.php(32): Illuminate\\Encryption\\Encrypter->__construct()
#1 /app/www/vendor/laravel/framework/src/Illuminate/Container/Container.php(1115): Illuminate\\Encryption\\EncryptionServiceProvider->{closure:Illuminate\\Encryption\\EncryptionServiceProvider::registerEncrypter():29}()
#2 /app/www/vendor/laravel/framework/src/Illuminate/Container/Container.php(933): Illuminate\\Container\\Container->build()
#3 /app/www/vendor/laravel/framework/src/Illuminate/Foundation/Application.php(1078): Illuminate\\Container\\Container->resolve()
#4 /app/www/vendor/laravel/framework/src/Illuminate/Container/Container.php(864): Illuminate\\Foundation\\Application->resolve()
#5 /app/www/vendor/laravel/framework/src/Illuminate/Foundation/Application.php(1058): Illuminate\\Container\\Container->make()
#6 /app/www/vendor/laravel/framework/src/Illuminate/Container/Container.php(1336): Illuminate\\Foundation\\Application->make()
#7 /app/www/vendor/laravel/framework/src/Illuminate/Container/Container.php(1237): Illuminate\\Container\\Container->resolveClass()
#8 /app/www/vendor/laravel/framework/src/Illuminate/Container/Container.php(1162): Illuminate\\Container\\Container->resolveDependencies()
#9 /app/www/vendor/laravel/framework/src/Illuminate/Container/Container.php(933): Illuminate\\Container\\Container->build()
#10 /app/www/vendor/laravel/framework/src/Illuminate/Foundation/Application.php(1078): Illuminate\\Container\\Container->resolve()
#11 /app/www/vendor/laravel/framework/src/Illuminate/Container/Container.php(864): Illuminate\\Foundation\\Application->resolve()
#12 /app/www/vendor/laravel/framework/src/Illuminate/Foundation/Application.php(1058): Illuminate\\Container\\Container->make()
#13 /app/www/vendor/laravel/framework/src/Illuminate/Pipeline/Pipeline.php(208): Illuminate\\Foundation\\Application->make()
#14 /app/www/app/Http/Middleware/ApplyCspRules.php(33): Illuminate\\Pipeline\\Pipeline->{closure:{closure:Illuminate\\Pipeline\\Pipeline::carry():194}:195}()
#15 /app/www/vendor/laravel/framework/src/Illuminate/Pipeline/Pipeline.php(219): BookStack\\Http\\Middleware\\ApplyCspRules->handle()
#16 /app/www/vendor/laravel/framework/src/Illuminate/Pipeline/Pipeline.php(137): Illuminate\\Pipeline\\Pipeline->{closure:{closure:Illuminate\\Pipeline\\Pipeline::carry():194}:195}()
#17 /app/www/vendor/laravel/framework/src/Illuminate/Routing/Router.php(821): Illuminate\\Pipeline\\Pipeline->then()
#18 /app/www/vendor/laravel/framework/src/Illuminate/Routing/Router.php(800): Illuminate\\Routing\\Router->runRouteWithinStack()
#19 /app/www/vendor/laravel/framework/src/Illuminate/Routing/Router.php(764): Illuminate\\Routing\\Router->runRoute()
#20 /app/www/vendor/laravel/framework/src/Illuminate/Routing/Router.php(753): Illuminate\\Routing\\Router->dispatchToRoute()
#21 /app/www/vendor/laravel/framework/src/Illuminate/Foundation/Http/Kernel.php(200): Illuminate\\Routing\\Router->dispatch()
#22 /app/www/vendor/laravel/framework/src/Illuminate/Pipeline/Pipeline.php(180): Illuminate\\Foundation\\Http\\Kernel->{closure:Illuminate\\Foundation\\Http\\Kernel::dispatchToRouter():197}()
#23 /app/www/app/Http/Middleware/PreventResponseCaching.php(28): Illuminate\\Pipeline\\Pipeline->{closure:Illuminate\\Pipeline\\Pipeline::prepareDestination():178}()
#24 /app/www/vendor/laravel/framework/src/Illuminate/Pipeline/Pipeline.php(219): BookStack\\Http\\Middleware\\PreventResponseCaching->handle()
#25 /app/www/vendor/laravel/framework/src/Illuminate/Http/Middleware/TrustProxies.php(58): Illuminate\\Pipeline\\Pipeline->{closure:{closure:Illuminate\\Pipeline\\Pipeline::carry():194}:195}()
#26 /app/www/app/Http/Middleware/TrustProxies.php(41): Illuminate\\Http\\Middleware\\TrustProxies->handle()
#27 /app/www/vendor/laravel/framework/src/Illuminate/Pipeline/Pipeline.php(219): BookStack\\Http\\Middleware\\TrustProxies->handle()
#28 /app/www/vendor/laravel/framework/src/Illuminate/Foundation/Http/Middleware/TransformsRequest.php(21): Illuminate\\Pipeline\\Pipeline->{closure:{closure:Illuminate\\Pipeline\\Pipeline::carry():194}:195}()
#29 /app/www/vendor/laravel/framework/src/Illuminate/Foundation/Http/Middleware/TrimStrings.php(51): Illuminate\\Foundation\\Http\\Middleware\\TransformsRequest->handle()
#30 /app/www/vendor/laravel/framework/src/Illuminate/Pipeline/Pipeline.php(219): Illuminate\\Foundation\\Http\\Middleware\\TrimStrings->handle()
#31 /app/www/vendor/laravel/framework/src/Illuminate/Http/Middleware/ValidatePostSize.php(27): Illuminate\\Pipeline\\Pipeline->{closure:{closure:Illuminate\\Pipeline\\Pipeline::carry():194}:195}()
#32 /app/www/vendor/laravel/framework/src/Illuminate/Pipeline/Pipeline.php(219): Illuminate\\Http\\Middleware\\ValidatePostSize->handle()
#33 /app/www/vendor/laravel/framework/src/Illuminate/Foundation/Http/Middleware/PreventRequestsDuringMaintenance.php(109): Illuminate\\Pipeline\\Pipeline->{closure:{closure:Illuminate\\Pipeline\\Pipeline::carry():194}:195}()
#34 /app/www/vendor/laravel/framework/src/Illuminate/Pipeline/Pipeline.php(219): Illuminate\\Foundation\\Http\\Middleware\\PreventRequestsDuringMaintenance->handle()
#35 /app/www/vendor/laravel/framework/src/Illuminate/Pipeline/Pipeline.php(137): Illuminate\\Pipeline\\Pipeline->{closure:{closure:Illuminate\\Pipeline\\Pipeline::carry():194}:195}()
#36 /app/www/vendor/laravel/framework/src/Illuminate/Foundation/Http/Kernel.php(175): Illuminate\\Pipeline\\Pipeline->then()
#37 /app/www/vendor/laravel/framework/src/Illuminate/Foundation/Http/Kernel.php(144): Illuminate\\Foundation\\Http\\Kernel->sendRequestThroughRouter()
#38 /app/www/public/index.php(23): Illuminate\\Foundation\\Http\\Kernel->handle()
#39 {main}
"} 
[2026-07-03 19:14:48] production.ERROR: Unsupported cipher or incorrect key length. Supported ciphers are: aes-128-cbc, aes-256-cbc, aes-128-gcm, aes-256-gcm. {"exception":"[object] (RuntimeException(code: 0): Unsupported cipher or incorrect key length. Supported ciphers are: aes-128-cbc, aes-256-cbc, aes-128-gcm, aes-256-gcm. at /app/www/vendor/laravel/framework/src/Illuminate/Encryption/Encrypter.php:61)
[stacktrace]
#0 /app/www/vendor/laravel/framework/src/Illuminate/Encryption/EncryptionServiceProvider.php(32): Illuminate\\Encryption\\Encrypter->__construct()
#1 /app/www/vendor/laravel/framework/src/Illuminate/Container/Container.php(1115): Illuminate\\Encryption\\EncryptionServiceProvider->{closure:Illuminate\\Encryption\\EncryptionServiceProvider::registerEncrypter():29}()
#2 /app/www/vendor/laravel/framework/src/Illuminate/Container/Container.php(933): Illuminate\\Container\\Container->build()
#3 /app/www/vendor/laravel/framework/src/Illuminate/Foundation/Application.php(1078): Illuminate\\Container\\Container->resolve()
#4 /app/www/vendor/laravel/framework/src/Illuminate/Container/Container.php(864): Illuminate\\Foundation\\Application->resolve()
#5 /app/www/vendor/laravel/framework/src/Illuminate/Foundation/Application.php(1058): Illuminate\\Container\\Container->make()
#6 /app/www/vendor/laravel/framework/src/Illuminate/Container/Container.php(1336): Illuminate\\Foundation\\Application->make()
#7 /app/www/vendor/laravel/framework/src/Illuminate/Container/Container.php(1237): Illuminate\\Container\\Container->resolveClass()
#8 /app/www/vendor/laravel/framework/src/Illuminate/Container/Container.php(1162): Illuminate\\Container\\Container->resolveDependencies()
#9 /app/www/vendor/laravel/framework/src/Illuminate/Container/Container.php(933): Illuminate\\Container\\Container->build()
#10 /app/www/vendor/laravel/framework/src/Illuminate/Foundation/Application.php(1078): Illuminate\\Container\\Container->resolve()
#11 /app/www/vendor/laravel/framework/src/Illuminate/Container/Container.php(864): Illuminate\\Foundation\\Application->resolve()
#12 /app/www/vendor/laravel/framework/src/Illuminate/Foundation/Application.php(1058): Illuminate\\Container\\Container->make()
#13 /app/www/vendor/laravel/framework/src/Illuminate/Foundation/Http/Kernel.php(257): Illuminate\\Foundation\\Application->make()
#14 /app/www/vendor/laravel/framework/src/Illuminate/Foundation/Http/Kernel.php(215): Illuminate\\Foundation\\Http\\Kernel->terminateMiddleware()
#15 /app/www/public/index.php(27): Illuminate\\Foundation\\Http\\Kernel->terminate()
#16 {main}
"} 
[2026-07-03 19:14:48] production.ERROR: Unsupported cipher or incorrect key length. Supported ciphers are: aes-128-cbc, aes-256-cbc, aes-128-gcm, aes-256-gcm. {"exception":"[object] (RuntimeException(code: 0): Unsupported cipher or incorrect key length. Supported ciphers are: aes-128-cbc, aes-256-cbc, aes-128-gcm, aes-256-gcm. at /app/www/vendor/laravel/framework/src/Illuminate/Encryption/Encrypter.php:61)
[stacktrace]
#0 /app/www/vendor/laravel/framework/src/Illuminate/Encryption/EncryptionServiceProvider.php(32): Illuminate\\Encryption\\Encrypter->__construct()
#1 /app/www/vendor/laravel/framework/src/Illuminate/Container/Container.php(1115): Illuminate\\Encryption\\EncryptionServiceProvider->{closure:Illuminate\\Encryption\\EncryptionServiceProvider::registerEncrypter():29}()
#2 /app/www/vendor/laravel/framework/src/Illuminate/Container/Container.php(933): Illuminate\\Container\\Container->build()
#3 /app/www/vendor/laravel/framework/src/Illuminate/Foundation/Application.php(1078): Illuminate\\Container\\Container->resolve()
#4 /app/www/vendor/laravel/framework/src/Illuminate/Container/Container.php(864): Illuminate\\Foundation\\Application->resolve()
#5 /app/www/vendor/laravel/framework/src/Illuminate/Foundation/Application.php(1058): Illuminate\\Container\\Container->make()
#6 /app/www/vendor/laravel/framework/src/Illuminate/Container/Container.php(1336): Illuminate\\Foundation\\Application->make()
#7 /app/www/vendor/laravel/framework/src/Illuminate/Container/Container.php(1237): Illuminate\\Container\\Container->resolveClass()
#8 /app/www/vendor/laravel/framework/src/Illuminate/Container/Container.php(1162): Illuminate\\Container\\Container->resolveDependencies()
#9 /app/www/vendor/laravel/framework/src/Illuminate/Container/Container.php(933): Illuminate\\Container\\Container->build()
#10 /app/www/vendor/laravel/framework/src/Illuminate/Foundation/Application.php(1078): Illuminate\\Container\\Container->resolve()
#11 /app/www/vendor/laravel/framework/src/Illuminate/Container/Container.php(864): Illuminate\\Foundation\\Application->resolve()
#12 /app/www/vendor/laravel/framework/src/Illuminate/Foundation/Application.php(1058): Illuminate\\Container\\Container->make()
#13 /app/www/vendor/laravel/framework/src/Illuminate/Pipeline/Pipeline.php(208): Illuminate\\Foundation\\Application->make()
#14 /app/www/app/Http/Middleware/ApplyCspRules.php(33): Illuminate\\Pipeline\\Pipeline->{closure:{closure:Illuminate\\Pipeline\\Pipeline::carry():194}:195}()
#15 /app/www/vendor/laravel/framework/src/Illuminate/Pipeline/Pipeline.php(219): BookStack\\Http\\Middleware\\ApplyCspRules->handle()
#16 /app/www/vendor/laravel/framework/src/Illuminate/Pipeline/Pipeline.php(137): Illuminate\\Pipeline\\Pipeline->{closure:{closure:Illuminate\\Pipeline\\Pipeline::carry():194}:195}()
#17 /app/www/vendor/laravel/framework/src/Illuminate/Routing/Router.php(821): Illuminate\\Pipeline\\Pipeline->then()
#18 /app/www/vendor/laravel/framework/src/Illuminate/Routing/Router.php(800): Illuminate\\Routing\\Router->runRouteWithinStack()
#19 /app/www/vendor/laravel/framework/src/Illuminate/Routing/Router.php(764): Illuminate\\Routing\\Router->runRoute()
#20 /app/www/vendor/laravel/framework/src/Illuminate/Routing/Router.php(753): Illuminate\\Routing\\Router->dispatchToRoute()
#21 /app/www/vendor/laravel/framework/src/Illuminate/Foundation/Http/Kernel.php(200): Illuminate\\Routing\\Router->dispatch()
#22 /app/www/vendor/laravel/framework/src/Illuminate/Pipeline/Pipeline.php(180): Illuminate\\Foundation\\Http\\Kernel->{closure:Illuminate\\Foundation\\Http\\Kernel::dispatchToRouter():197}()
#23 /app/www/app/Http/Middleware/PreventResponseCaching.php(28): Illuminate\\Pipeline\\Pipeline->{closure:Illuminate\\Pipeline\\Pipeline::prepareDestination():178}()
#24 /app/www/vendor/laravel/framework/src/Illuminate/Pipeline/Pipeline.php(219): BookStack\\Http\\Middleware\\PreventResponseCaching->handle()
#25 /app/www/vendor/laravel/framework/src/Illuminate/Http/Middleware/TrustProxies.php(58): Illuminate\\Pipeline\\Pipeline->{closure:{closure:Illuminate\\Pipeline\\Pipeline::carry():194}:195}()
#26 /app/www/app/Http/Middleware/TrustProxies.php(41): Illuminate\\Http\\Middleware\\TrustProxies->handle()
#27 /app/www/vendor/laravel/framework/src/Illuminate/Pipeline/Pipeline.php(219): BookStack\\Http\\Middleware\\TrustProxies->handle()
#28 /app/www/vendor/laravel/framework/src/Illuminate/Foundation/Http/Middleware/TransformsRequest.php(21): Illuminate\\Pipeline\\Pipeline->{closure:{closure:Illuminate\\Pipeline\\Pipeline::carry():194}:195}()
#29 /app/www/vendor/laravel/framework/src/Illuminate/Foundation/Http/Middleware/TrimStrings.php(51): Illuminate\\Foundation\\Http\\Middleware\\TransformsRequest->handle()
#30 /app/www/vendor/laravel/framework/src/Illuminate/Pipeline/Pipeline.php(219): Illuminate\\Foundation\\Http\\Middleware\\TrimStrings->handle()
#31 /app/www/vendor/laravel/framework/src/Illuminate/Http/Middleware/ValidatePostSize.php(27): Illuminate\\Pipeline\\Pipeline->{closure:{closure:Illuminate\\Pipeline\\Pipeline::carry():194}:195}()
#32 /app/www/vendor/laravel/framework/src/Illuminate/Pipeline/Pipeline.php(219): Illuminate\\Http\\Middleware\\ValidatePostSize->handle()
#33 /app/www/vendor/laravel/framework/src/Illuminate/Foundation/Http/Middleware/PreventRequestsDuringMaintenance.php(109): Illuminate\\Pipeline\\Pipeline->{closure:{closure:Illuminate\\Pipeline\\Pipeline::carry():194}:195}()
#34 /app/www/vendor/laravel/framework/src/Illuminate/Pipeline/Pipeline.php(219): Illuminate\\Foundation\\Http\\Middleware\\PreventRequestsDuringMaintenance->handle()
#35 /app/www/vendor/laravel/framework/src/Illuminate/Pipeline/Pipeline.php(137): Illuminate\\Pipeline\\Pipeline->{closure:{closure:Illuminate\\Pipeline\\Pipeline::carry():194}:195}()
#36 /app/www/vendor/laravel/framework/src/Illuminate/Foundation/Http/Kernel.php(175): Illuminate\\Pipeline\\Pipeline->then()
#37 /app/www/vendor/laravel/framework/src/Illuminate/Foundation/Http/Kernel.php(144): Illuminate\\Foundation\\Http\\Kernel->sendRequestThroughRouter()
#38 /app/www/public/index.php(23): Illuminate\\Foundation\\Http\\Kernel->handle()
#39 {main}
"} 
[2026-07-03 19:14:49] production.ERROR: Unsupported cipher or incorrect key length. Supported ciphers are: aes-128-cbc, aes-256-cbc, aes-128-gcm, aes-256-gcm. {"exception":"[object] (RuntimeException(code: 0): Unsupported cipher or incorrect key length. Supported ciphers are: aes-128-cbc, aes-256-cbc, aes-128-gcm, aes-256-gcm. at /app/www/vendor/laravel/framework/src/Illuminate/Encryption/Encrypter.php:61)
[stacktrace]
#0 /app/www/vendor/laravel/framework/src/Illuminate/Encryption/EncryptionServiceProvider.php(32): Illuminate\\Encryption\\Encrypter->__construct()
#1 /app/www/vendor/laravel/framework/src/Illuminate/Container/Container.php(1115): Illuminate\\Encryption\\EncryptionServiceProvider->{closure:Illuminate\\Encryption\\EncryptionServiceProvider::registerEncrypter():29}()
#2 /app/www/vendor/laravel/framework/src/Illuminate/Container/Container.php(933): Illuminate\\Container\\Container->build()
#3 /app/www/vendor/laravel/framework/src/Illuminate/Foundation/Application.php(1078): Illuminate\\Container\\Container->resolve()
#4 /app/www/vendor/laravel/framework/src/Illuminate/Container/Container.php(864): Illuminate\\Foundation\\Application->resolve()
#5 /app/www/vendor/laravel/framework/src/Illuminate/Foundation/Application.php(1058): Illuminate\\Container\\Container->make()
#6 /app/www/vendor/laravel/framework/src/Illuminate/Container/Container.php(1336): Illuminate\\Foundation\\Application->make()
#7 /app/www/vendor/laravel/framework/src/Illuminate/Container/Container.php(1237): Illuminate\\Container\\Container->resolveClass()
#8 /app/www/vendor/laravel/framework/src/Illuminate/Container/Container.php(1162): Illuminate\\Container\\Container->resolveDependencies()
#9 /app/www/vendor/laravel/framework/src/Illuminate/Container/Container.php(933): Illuminate\\Container\\Container->build()
#10 /app/www/vendor/laravel/framework/src/Illuminate/Foundation/Application.php(1078): Illuminate\\Container\\Container->resolve()
#11 /app/www/vendor/laravel/framework/src/Illuminate/Container/Container.php(864): Illuminate\\Foundation\\Application->resolve()
#12 /app/www/vendor/laravel/framework/src/Illuminate/Foundation/Application.php(1058): Illuminate\\Container\\Container->make()
#13 /app/www/vendor/laravel/framework/src/Illuminate/Foundation/Http/Kernel.php(257): Illuminate\\Foundation\\Application->make()
#14 /app/www/vendor/laravel/framework/src/Illuminate/Foundation/Http/Kernel.php(215): Illuminate\\Foundation\\Http\\Kernel->terminateMiddleware()
#15 /app/www/public/index.php(27): Illuminate\\Foundation\\Http\\Kernel->terminate()
#16 {main}
"} 
[2026-07-03 19:14:49] production.ERROR: Unsupported cipher or incorrect key length. Supported ciphers are: aes-128-cbc, aes-256-cbc, aes-128-gcm, aes-256-gcm. {"exception":"[object] (RuntimeException(code: 0): Unsupported cipher or incorrect key length. Supported ciphers are: aes-128-cbc, aes-256-cbc, aes-128-gcm, aes-256-gcm. at /app/www/vendor/laravel/framework/src/Illuminate/Encryption/Encrypter.php:61)
[stacktrace]
#0 /app/www/vendor/laravel/framework/src/Illuminate/Encryption/EncryptionServiceProvider.php(32): Illuminate\\Encryption\\Encrypter->__construct()
#1 /app/www/vendor/laravel/framework/src/Illuminate/Container/Container.php(1115): Illuminate\\Encryption\\EncryptionServiceProvider->{closure:Illuminate\\Encryption\\EncryptionServiceProvider::registerEncrypter():29}()
#2 /app/www/vendor/laravel/framework/src/Illuminate/Container/Container.php(933): Illuminate\\Container\\Container->build()
#3 /app/www/vendor/laravel/framework/src/Illuminate/Foundation/Application.php(1078): Illuminate\\Container\\Container->resolve()
#4 /app/www/vendor/laravel/framework/src/Illuminate/Container/Container.php(864): Illuminate\\Foundation\\Application->resolve()
#5 /app/www/vendor/laravel/framework/src/Illuminate/Foundation/Application.php(1058): Illuminate\\Container\\Container->make()
#6 /app/www/vendor/laravel/framework/src/Illuminate/Container/Container.php(1336): Illuminate\\Foundation\\Application->make()
#7 /app/www/vendor/laravel/framework/src/Illuminate/Container/Container.php(1237): Illuminate\\Container\\Container->resolveClass()
#8 /app/www/vendor/laravel/framework/src/Illuminate/Container/Container.php(1162): Illuminate\\Container\\Container->resolveDependencies()
#9 /app/www/vendor/laravel/framework/src/Illuminate/Container/Container.php(933): Illuminate\\Container\\Container->build()
#10 /app/www/vendor/laravel/framework/src/Illuminate/Foundation/Application.php(1078): Illuminate\\Container\\Container->resolve()
#11 /app/www/vendor/laravel/framework/src/Illuminate/Container/Container.php(864): Illuminate\\Foundation\\Application->resolve()
#12 /app/www/vendor/laravel/framework/src/Illuminate/Foundation/Application.php(1058): Illuminate\\Container\\Container->make()
#13 /app/www/vendor/laravel/framework/src/Illuminate/Pipeline/Pipeline.php(208): Illuminate\\Foundation\\Application->make()
#14 /app/www/app/Http/Middleware/ApplyCspRules.php(33): Illuminate\\Pipeline\\Pipeline->{closure:{closure:Illuminate\\Pipeline\\Pipeline::carry():194}:195}()
#15 /app/www/vendor/laravel/framework/src/Illuminate/Pipeline/Pipeline.php(219): BookStack\\Http\\Middleware\\ApplyCspRules->handle()
#16 /app/www/vendor/laravel/framework/src/Illuminate/Pipeline/Pipeline.php(137): Illuminate\\Pipeline\\Pipeline->{closure:{closure:Illuminate\\Pipeline\\Pipeline::carry():194}:195}()
#17 /app/www/vendor/laravel/framework/src/Illuminate/Routing/Router.php(821): Illuminate\\Pipeline\\Pipeline->then()
#18 /app/www/vendor/laravel/framework/src/Illuminate/Routing/Router.php(800): Illuminate\\Routing\\Router->runRouteWithinStack()
#19 /app/www/vendor/laravel/framework/src/Illuminate/Routing/Router.php(764): Illuminate\\Routing\\Router->runRoute()
#20 /app/www/vendor/laravel/framework/src/Illuminate/Routing/Router.php(753): Illuminate\\Routing\\Router->dispatchToRoute()
#21 /app/www/vendor/laravel/framework/src/Illuminate/Foundation/Http/Kernel.php(200): Illuminate\\Routing\\Router->dispatch()
#22 /app/www/vendor/laravel/framework/src/Illuminate/Pipeline/Pipeline.php(180): Illuminate\\Foundation\\Http\\Kernel->{closure:Illuminate\\Foundation\\Http\\Kernel::dispatchToRouter():197}()
#23 /app/www/app/Http/Middleware/PreventResponseCaching.php(28): Illuminate\\Pipeline\\Pipeline->{closure:Illuminate\\Pipeline\\Pipeline::prepareDestination():178}()
#24 /app/www/vendor/laravel/framework/src/Illuminate/Pipeline/Pipeline.php(219): BookStack\\Http\\Middleware\\PreventResponseCaching->handle()
#25 /app/www/vendor/laravel/framework/src/Illuminate/Http/Middleware/TrustProxies.php(58): Illuminate\\Pipeline\\Pipeline->{closure:{closure:Illuminate\\Pipeline\\Pipeline::carry():194}:195}()
#26 /app/www/app/Http/Middleware/TrustProxies.php(41): Illuminate\\Http\\Middleware\\TrustProxies->handle()
#27 /app/www/vendor/laravel/framework/src/Illuminate/Pipeline/Pipeline.php(219): BookStack\\Http\\Middleware\\TrustProxies->handle()
#28 /app/www/vendor/laravel/framework/src/Illuminate/Foundation/Http/Middleware/TransformsRequest.php(21): Illuminate\\Pipeline\\Pipeline->{closure:{closure:Illuminate\\Pipeline\\Pipeline::carry():194}:195}()
#29 /app/www/vendor/laravel/framework/src/Illuminate/Foundation/Http/Middleware/TrimStrings.php(51): Illuminate\\Foundation\\Http\\Middleware\\TransformsRequest->handle()
#30 /app/www/vendor/laravel/framework/src/Illuminate/Pipeline/Pipeline.php(219): Illuminate\\Foundation\\Http\\Middleware\\TrimStrings->handle()
#31 /app/www/vendor/laravel/framework/src/Illuminate/Http/Middleware/ValidatePostSize.php(27): Illuminate\\Pipeline\\Pipeline->{closure:{closure:Illuminate\\Pipeline\\Pipeline::carry():194}:195}()
#32 /app/www/vendor/laravel/framework/src/Illuminate/Pipeline/Pipeline.php(219): Illuminate\\Http\\Middleware\\ValidatePostSize->handle()
#33 /app/www/vendor/laravel/framework/src/Illuminate/Foundation/Http/Middleware/PreventRequestsDuringMaintenance.php(109): Illuminate\\Pipeline\\Pipeline->{closure:{closure:Illuminate\\Pipeline\\Pipeline::carry():194}:195}()
#34 /app/www/vendor/laravel/framework/src/Illuminate/Pipeline/Pipeline.php(219): Illuminate\\Foundation\\Http\\Middleware\\PreventRequestsDuringMaintenance->handle()
#35 /app/www/vendor/laravel/framework/src/Illuminate/Pipeline/Pipeline.php(137): Illuminate\\Pipeline\\Pipeline->{closure:{closure:Illuminate\\Pipeline\\Pipeline::carry():194}:195}()
#36 /app/www/vendor/laravel/framework/src/Illuminate/Foundation/Http/Kernel.php(175): Illuminate\\Pipeline\\Pipeline->then()
#37 /app/www/vendor/laravel/framework/src/Illuminate/Foundation/Http/Kernel.php(144): Illuminate\\Foundation\\Http\\Kernel->sendRequestThroughRouter()
#38 /app/www/public/index.php(23): Illuminate\\Foundation\\Http\\Kernel->handle()
#39 {main}
"} 
[2026-07-03 19:14:49] production.ERROR: Unsupported cipher or incorrect key length. Supported ciphers are: aes-128-cbc, aes-256-cbc, aes-128-gcm, aes-256-gcm. {"exception":"[object] (RuntimeException(code: 0): Unsupported cipher or incorrect key length. Supported ciphers are: aes-128-cbc, aes-256-cbc, aes-128-gcm, aes-256-gcm. at /app/www/vendor/laravel/framework/src/Illuminate/Encryption/Encrypter.php:61)
[stacktrace]
#0 /app/www/vendor/laravel/framework/src/Illuminate/Encryption/EncryptionServiceProvider.php(32): Illuminate\\Encryption\\Encrypter->__construct()
#1 /app/www/vendor/laravel/framework/src/Illuminate/Container/Container.php(1115): Illuminate\\Encryption\\EncryptionServiceProvider->{closure:Illuminate\\Encryption\\EncryptionServiceProvider::registerEncrypter():29}()
#2 /app/www/vendor/laravel/framework/src/Illuminate/Container/Container.php(933): Illuminate\\Container\\Container->build()
#3 /app/www/vendor/laravel/framework/src/Illuminate/Foundation/Application.php(1078): Illuminate\\Container\\Container->resolve()
#4 /app/www/vendor/laravel/framework/src/Illuminate/Container/Container.php(864): Illuminate\\Foundation\\Application->resolve()
#5 /app/www/vendor/laravel/framework/src/Illuminate/Foundation/Application.php(1058): Illuminate\\Container\\Container->make()
#6 /app/www/vendor/laravel/framework/src/Illuminate/Container/Container.php(1336): Illuminate\\Foundation\\Application->make()
#7 /app/www/vendor/laravel/framework/src/Illuminate/Container/Container.php(1237): Illuminate\\Container\\Container->resolveClass()
#8 /app/www/vendor/laravel/framework/src/Illuminate/Container/Container.php(1162): Illuminate\\Container\\Container->resolveDependencies()
#9 /app/www/vendor/laravel/framework/src/Illuminate/Container/Container.php(933): Illuminate\\Container\\Container->build()
#10 /app/www/vendor/laravel/framework/src/Illuminate/Foundation/Application.php(1078): Illuminate\\Container\\Container->resolve()
#11 /app/www/vendor/laravel/framework/src/Illuminate/Container/Container.php(864): Illuminate\\Foundation\\Application->resolve()
#12 /app/www/vendor/laravel/framework/src/Illuminate/Foundation/Application.php(1058): Illuminate\\Container\\Container->make()
#13 /app/www/vendor/laravel/framework/src/Illuminate/Foundation/Http/Kernel.php(257): Illuminate\\Foundation\\Application->make()
#14 /app/www/vendor/laravel/framework/src/Illuminate/Foundation/Http/Kernel.php(215): Illuminate\\Foundation\\Http\\Kernel->terminateMiddleware()
#15 /app/www/public/index.php(27): Illuminate\\Foundation\\Http\\Kernel->terminate()
#16 {main}
"} 
[2026-07-03 19:14:50] production.ERROR: Unsupported cipher or incorrect key length. Supported ciphers are: aes-128-cbc, aes-256-cbc, aes-128-gcm, aes-256-gcm. {"exception":"[object] (RuntimeException(code: 0): Unsupported cipher or incorrect key length. Supported ciphers are: aes-128-cbc, aes-256-cbc, aes-128-gcm, aes-256-gcm. at /app/www/vendor/laravel/framework/src/Illuminate/Encryption/Encrypter.php:61)
[stacktrace]
#0 /app/www/vendor/laravel/framework/src/Illuminate/Encryption/EncryptionServiceProvider.php(32): Illuminate\\Encryption\\Encrypter->__construct()
#1 /app/www/vendor/laravel/framework/src/Illuminate/Container/Container.php(1115): Illuminate\\Encryption\\EncryptionServiceProvider->{closure:Illuminate\\Encryption\\EncryptionServiceProvider::registerEncrypter():29}()
#2 /app/www/vendor/laravel/framework/src/Illuminate/Container/Container.php(933): Illuminate\\Container\\Container->build()
#3 /app/www/vendor/laravel/framework/src/Illuminate/Foundation/Application.php(1078): Illuminate\\Container\\Container->resolve()
#4 /app/www/vendor/laravel/framework/src/Illuminate/Container/Container.php(864): Illuminate\\Foundation\\Application->resolve()
#5 /app/www/vendor/laravel/framework/src/Illuminate/Foundation/Application.php(1058): Illuminate\\Container\\Container->make()
#6 /app/www/vendor/laravel/framework/src/Illuminate/Container/Container.php(1336): Illuminate\\Foundation\\Application->make()
#7 /app/www/vendor/laravel/framework/src/Illuminate/Container/Container.php(1237): Illuminate\\Container\\Container->resolveClass()
#8 /app/www/vendor/laravel/framework/src/Illuminate/Container/Container.php(1162): Illuminate\\Container\\Container->resolveDependencies()
#9 /app/www/vendor/laravel/framework/src/Illuminate/Container/Container.php(933): Illuminate\\Container\\Container->build()
#10 /app/www/vendor/laravel/framework/src/Illuminate/Foundation/Application.php(1078): Illuminate\\Container\\Container->resolve()
#11 /app/www/vendor/laravel/framework/src/Illuminate/Container/Container.php(864): Illuminate\\Foundation\\Application->resolve()
#12 /app/www/vendor/laravel/framework/src/Illuminate/Foundation/Application.php(1058): Illuminate\\Container\\Container->make()
#13 /app/www/vendor/laravel/framework/src/Illuminate/Pipeline/Pipeline.php(208): Illuminate\\Foundation\\Application->make()
#14 /app/www/app/Http/Middleware/ApplyCspRules.php(33): Illuminate\\Pipeline\\Pipeline->{closure:{closure:Illuminate\\Pipeline\\Pipeline::carry():194}:195}()
#15 /app/www/vendor/laravel/framework/src/Illuminate/Pipeline/Pipeline.php(219): BookStack\\Http\\Middleware\\ApplyCspRules->handle()
#16 /app/www/vendor/laravel/framework/src/Illuminate/Pipeline/Pipeline.php(137): Illuminate\\Pipeline\\Pipeline->{closure:{closure:Illuminate\\Pipeline\\Pipeline::carry():194}:195}()
#17 /app/www/vendor/laravel/framework/src/Illuminate/Routing/Router.php(821): Illuminate\\Pipeline\\Pipeline->then()
#18 /app/www/vendor/laravel/framework/src/Illuminate/Routing/Router.php(800): Illuminate\\Routing\\Router->runRouteWithinStack()
#19 /app/www/vendor/laravel/framework/src/Illuminate/Routing/Router.php(764): Illuminate\\Routing\\Router->runRoute()
#20 /app/www/vendor/laravel/framework/src/Illuminate/Routing/Router.php(753): Illuminate\\Routing\\Router->dispatchToRoute()
#21 /app/www/vendor/laravel/framework/src/Illuminate/Foundation/Http/Kernel.php(200): Illuminate\\Routing\\Router->dispatch()
#22 /app/www/vendor/laravel/framework/src/Illuminate/Pipeline/Pipeline.php(180): Illuminate\\Foundation\\Http\\Kernel->{closure:Illuminate\\Foundation\\Http\\Kernel::dispatchToRouter():197}()
#23 /app/www/app/Http/Middleware/PreventResponseCaching.php(28): Illuminate\\Pipeline\\Pipeline->{closure:Illuminate\\Pipeline\\Pipeline::prepareDestination():178}()
#24 /app/www/vendor/laravel/framework/src/Illuminate/Pipeline/Pipeline.php(219): BookStack\\Http\\Middleware\\PreventResponseCaching->handle()
#25 /app/www/vendor/laravel/framework/src/Illuminate/Http/Middleware/TrustProxies.php(58): Illuminate\\Pipeline\\Pipeline->{closure:{closure:Illuminate\\Pipeline\\Pipeline::carry():194}:195}()
#26 /app/www/app/Http/Middleware/TrustProxies.php(41): Illuminate\\Http\\Middleware\\TrustProxies->handle()
#27 /app/www/vendor/laravel/framework/src/Illuminate/Pipeline/Pipeline.php(219): BookStack\\Http\\Middleware\\TrustProxies->handle()
#28 /app/www/vendor/laravel/framework/src/Illuminate/Foundation/Http/Middleware/TransformsRequest.php(21): Illuminate\\Pipeline\\Pipeline->{closure:{closure:Illuminate\\Pipeline\\Pipeline::carry():194}:195}()
#29 /app/www/vendor/laravel/framework/src/Illuminate/Foundation/Http/Middleware/TrimStrings.php(51): Illuminate\\Foundation\\Http\\Middleware\\TransformsRequest->handle()
#30 /app/www/vendor/laravel/framework/src/Illuminate/Pipeline/Pipeline.php(219): Illuminate\\Foundation\\Http\\Middleware\\TrimStrings->handle()
#31 /app/www/vendor/laravel/framework/src/Illuminate/Http/Middleware/ValidatePostSize.php(27): Illuminate\\Pipeline\\Pipeline->{closure:{closure:Illuminate\\Pipeline\\Pipeline::carry():194}:195}()
#32 /app/www/vendor/laravel/framework/src/Illuminate/Pipeline/Pipeline.php(219): Illuminate\\Http\\Middleware\\ValidatePostSize->handle()
#33 /app/www/vendor/laravel/framework/src/Illuminate/Foundation/Http/Middleware/PreventRequestsDuringMaintenance.php(109): Illuminate\\Pipeline\\Pipeline->{closure:{closure:Illuminate\\Pipeline\\Pipeline::carry():194}:195}()
#34 /app/www/vendor/laravel/framework/src/Illuminate/Pipeline/Pipeline.php(219): Illuminate\\Foundation\\Http\\Middleware\\PreventRequestsDuringMaintenance->handle()
#35 /app/www/vendor/laravel/framework/src/Illuminate/Pipeline/Pipeline.php(137): Illuminate\\Pipeline\\Pipeline->{closure:{closure:Illuminate\\Pipeline\\Pipeline::carry():194}:195}()
#36 /app/www/vendor/laravel/framework/src/Illuminate/Foundation/Http/Kernel.php(175): Illuminate\\Pipeline\\Pipeline->then()
#37 /app/www/vendor/laravel/framework/src/Illuminate/Foundation/Http/Kernel.php(144): Illuminate\\Foundation\\Http\\Kernel->sendRequestThroughRouter()
#38 /app/www/public/index.php(23): Illuminate\\Foundation\\Http\\Kernel->handle()
#39 {main}
"} 
[2026-07-03 19:14:50] production.ERROR: Unsupported cipher or incorrect key length. Supported ciphers are: aes-128-cbc, aes-256-cbc, aes-128-gcm, aes-256-gcm. {"exception":"[object] (RuntimeException(code: 0): Unsupported cipher or incorrect key length. Supported ciphers are: aes-128-cbc, aes-256-cbc, aes-128-gcm, aes-256-gcm. at /app/www/vendor/laravel/framework/src/Illuminate/Encryption/Encrypter.php:61)
[stacktrace]
#0 /app/www/vendor/laravel/framework/src/Illuminate/Encryption/EncryptionServiceProvider.php(32): Illuminate\\Encryption\\Encrypter->__construct()
#1 /app/www/vendor/laravel/framework/src/Illuminate/Container/Container.php(1115): Illuminate\\Encryption\\EncryptionServiceProvider->{closure:Illuminate\\Encryption\\EncryptionServiceProvider::registerEncrypter():29}()
#2 /app/www/vendor/laravel/framework/src/Illuminate/Container/Container.php(933): Illuminate\\Container\\Container->build()
#3 /app/www/vendor/laravel/framework/src/Illuminate/Foundation/Application.php(1078): Illuminate\\Container\\Container->resolve()
#4 /app/www/vendor/laravel/framework/src/Illuminate/Container/Container.php(864): Illuminate\\Foundation\\Application->resolve()
#5 /app/www/vendor/laravel/framework/src/Illuminate/Foundation/Application.php(1058): Illuminate\\Container\\Container->make()
#6 /app/www/vendor/laravel/framework/src/Illuminate/Container/Container.php(1336): Illuminate\\Foundation\\Application->make()
#7 /app/www/vendor/laravel/framework/src/Illuminate/Container/Container.php(1237): Illuminate\\Container\\Container->resolveClass()
#8 /app/www/vendor/laravel/framework/src/Illuminate/Container/Container.php(1162): Illuminate\\Container\\Container->resolveDependencies()
#9 /app/www/vendor/laravel/framework/src/Illuminate/Container/Container.php(933): Illuminate\\Container\\Container->build()
#10 /app/www/vendor/laravel/framework/src/Illuminate/Foundation/Application.php(1078): Illuminate\\Container\\Container->resolve()
#11 /app/www/vendor/laravel/framework/src/Illuminate/Container/Container.php(864): Illuminate\\Foundation\\Application->resolve()
#12 /app/www/vendor/laravel/framework/src/Illuminate/Foundation/Application.php(1058): Illuminate\\Container\\Container->make()
#13 /app/www/vendor/laravel/framework/src/Illuminate/Foundation/Http/Kernel.php(257): Illuminate\\Foundation\\Application->make()
#14 /app/www/vendor/laravel/framework/src/Illuminate/Foundation/Http/Kernel.php(215): Illuminate\\Foundation\\Http\\Kernel->terminateMiddleware()
#15 /app/www/public/index.php(27): Illuminate\\Foundation\\Http\\Kernel->terminate()
#16 {main}
"} 
[2026-07-03 19:14:51] production.ERROR: Unsupported cipher or incorrect key length. Supported ciphers are: aes-128-cbc, aes-256-cbc, aes-128-gcm, aes-256-gcm. {"exception":"[object] (RuntimeException(code: 0): Unsupported cipher or incorrect key length. Supported ciphers are: aes-128-cbc, aes-256-cbc, aes-128-gcm, aes-256-gcm. at /app/www/vendor/laravel/framework/src/Illuminate/Encryption/Encrypter.php:61)
[stacktrace]
#0 /app/www/vendor/laravel/framework/src/Illuminate/Encryption/EncryptionServiceProvider.php(32): Illuminate\\Encryption\\Encrypter->__construct()
#1 /app/www/vendor/laravel/framework/src/Illuminate/Container/Container.php(1115): Illuminate\\Encryption\\EncryptionServiceProvider->{closure:Illuminate\\Encryption\\EncryptionServiceProvider::registerEncrypter():29}()
#2 /app/www/vendor/laravel/framework/src/Illuminate/Container/Container.php(933): Illuminate\\Container\\Container->build()
#3 /app/www/vendor/laravel/framework/src/Illuminate/Foundation/Application.php(1078): Illuminate\\Container\\Container->resolve()
#4 /app/www/vendor/laravel/framework/src/Illuminate/Container/Container.php(864): Illuminate\\Foundation\\Application->resolve()
#5 /app/www/vendor/laravel/framework/src/Illuminate/Foundation/Application.php(1058): Illuminate\\Container\\Container->make()
#6 /app/www/vendor/laravel/framework/src/Illuminate/Container/Container.php(1336): Illuminate\\Foundation\\Application->make()
#7 /app/www/vendor/laravel/framework/src/Illuminate/Container/Container.php(1237): Illuminate\\Container\\Container->resolveClass()
#8 /app/www/vendor/laravel/framework/src/Illuminate/Container/Container.php(1162): Illuminate\\Container\\Container->resolveDependencies()
#9 /app/www/vendor/laravel/framework/src/Illuminate/Container/Container.php(933): Illuminate\\Container\\Container->build()
#10 /app/www/vendor/laravel/framework/src/Illuminate/Foundation/Application.php(1078): Illuminate\\Container\\Container->resolve()
#11 /app/www/vendor/laravel/framework/src/Illuminate/Container/Container.php(864): Illuminate\\Foundation\\Application->resolve()
#12 /app/www/vendor/laravel/framework/src/Illuminate/Foundation/Application.php(1058): Illuminate\\Container\\Container->make()
#13 /app/www/vendor/laravel/framework/src/Illuminate/Pipeline/Pipeline.php(208): Illuminate\\Foundation\\Application->make()
#14 /app/www/app/Http/Middleware/ApplyCspRules.php(33): Illuminate\\Pipeline\\Pipeline->{closure:{closure:Illuminate\\Pipeline\\Pipeline::carry():194}:195}()
#15 /app/www/vendor/laravel/framework/src/Illuminate/Pipeline/Pipeline.php(219): BookStack\\Http\\Middleware\\ApplyCspRules->handle()
#16 /app/www/vendor/laravel/framework/src/Illuminate/Pipeline/Pipeline.php(137): Illuminate\\Pipeline\\Pipeline->{closure:{closure:Illuminate\\Pipeline\\Pipeline::carry():194}:195}()
#17 /app/www/vendor/laravel/framework/src/Illuminate/Routing/Router.php(821): Illuminate\\Pipeline\\Pipeline->then()
#18 /app/www/vendor/laravel/framework/src/Illuminate/Routing/Router.php(800): Illuminate\\Routing\\Router->runRouteWithinStack()
#19 /app/www/vendor/laravel/framework/src/Illuminate/Routing/Router.php(764): Illuminate\\Routing\\Router->runRoute()
#20 /app/www/vendor/laravel/framework/src/Illuminate/Routing/Router.php(753): Illuminate\\Routing\\Router->dispatchToRoute()
#21 /app/www/vendor/laravel/framework/src/Illuminate/Foundation/Http/Kernel.php(200): Illuminate\\Routing\\Router->dispatch()
#22 /app/www/vendor/laravel/framework/src/Illuminate/Pipeline/Pipeline.php(180): Illuminate\\Foundation\\Http\\Kernel->{closure:Illuminate\\Foundation\\Http\\Kernel::dispatchToRouter():197}()
#23 /app/www/app/Http/Middleware/PreventResponseCaching.php(28): Illuminate\\Pipeline\\Pipeline->{closure:Illuminate\\Pipeline\\Pipeline::prepareDestination():178}()
#24 /app/www/vendor/laravel/framework/src/Illuminate/Pipeline/Pipeline.php(219): BookStack\\Http\\Middleware\\PreventResponseCaching->handle()
#25 /app/www/vendor/laravel/framework/src/Illuminate/Http/Middleware/TrustProxies.php(58): Illuminate\\Pipeline\\Pipeline->{closure:{closure:Illuminate\\Pipeline\\Pipeline::carry():194}:195}()
#26 /app/www/app/Http/Middleware/TrustProxies.php(41): Illuminate\\Http\\Middleware\\TrustProxies->handle()
#27 /app/www/vendor/laravel/framework/src/Illuminate/Pipeline/Pipeline.php(219): BookStack\\Http\\Middleware\\TrustProxies->handle()
#28 /app/www/vendor/laravel/framework/src/Illuminate/Foundation/Http/Middleware/TransformsRequest.php(21): Illuminate\\Pipeline\\Pipeline->{closure:{closure:Illuminate\\Pipeline\\Pipeline::carry():194}:195}()
#29 /app/www/vendor/laravel/framework/src/Illuminate/Foundation/Http/Middleware/TrimStrings.php(51): Illuminate\\Foundation\\Http\\Middleware\\TransformsRequest->handle()
#30 /app/www/vendor/laravel/framework/src/Illuminate/Pipeline/Pipeline.php(219): Illuminate\\Foundation\\Http\\Middleware\\TrimStrings->handle()
#31 /app/www/vendor/laravel/framework/src/Illuminate/Http/Middleware/ValidatePostSize.php(27): Illuminate\\Pipeline\\Pipeline->{closure:{closure:Illuminate\\Pipeline\\Pipeline::carry():194}:195}()
#32 /app/www/vendor/laravel/framework/src/Illuminate/Pipeline/Pipeline.php(219): Illuminate\\Http\\Middleware\\ValidatePostSize->handle()
#33 /app/www/vendor/laravel/framework/src/Illuminate/Foundation/Http/Middleware/PreventRequestsDuringMaintenance.php(109): Illuminate\\Pipeline\\Pipeline->{closure:{closure:Illuminate\\Pipeline\\Pipeline::carry():194}:195}()
#34 /app/www/vendor/laravel/framework/src/Illuminate/Pipeline/Pipeline.php(219): Illuminate\\Foundation\\Http\\Middleware\\PreventRequestsDuringMaintenance->handle()
#35 /app/www/vendor/laravel/framework/src/Illuminate/Pipeline/Pipeline.php(137): Illuminate\\Pipeline\\Pipeline->{closure:{closure:Illuminate\\Pipeline\\Pipeline::carry():194}:195}()
#36 /app/www/vendor/laravel/framework/src/Illuminate/Foundation/Http/Kernel.php(175): Illuminate\\Pipeline\\Pipeline->then()
#37 /app/www/vendor/laravel/framework/src/Illuminate/Foundation/Http/Kernel.php(144): Illuminate\\Foundation\\Http\\Kernel->sendRequestThroughRouter()
#38 /app/www/public/index.php(23): Illuminate\\Foundation\\Http\\Kernel->handle()
#39 {main}
"} 
[2026-07-03 19:14:51] production.ERROR: Unsupported cipher or incorrect key length. Supported ciphers are: aes-128-cbc, aes-256-cbc, aes-128-gcm, aes-256-gcm. {"exception":"[object] (RuntimeException(code: 0): Unsupported cipher or incorrect key length. Supported ciphers are: aes-128-cbc, aes-256-cbc, aes-128-gcm, aes-256-gcm. at /app/www/vendor/laravel/framework/src/Illuminate/Encryption/Encrypter.php:61)
[stacktrace]
#0 /app/www/vendor/laravel/framework/src/Illuminate/Encryption/EncryptionServiceProvider.php(32): Illuminate\\Encryption\\Encrypter->__construct()
#1 /app/www/vendor/laravel/framework/src/Illuminate/Container/Container.php(1115): Illuminate\\Encryption\\EncryptionServiceProvider->{closure:Illuminate\\Encryption\\EncryptionServiceProvider::registerEncrypter():29}()
#2 /app/www/vendor/laravel/framework/src/Illuminate/Container/Container.php(933): Illuminate\\Container\\Container->build()
#3 /app/www/vendor/laravel/framework/src/Illuminate/Foundation/Application.php(1078): Illuminate\\Container\\Container->resolve()
#4 /app/www/vendor/laravel/framework/src/Illuminate/Container/Container.php(864): Illuminate\\Foundation\\Application->resolve()
#5 /app/www/vendor/laravel/framework/src/Illuminate/Foundation/Application.php(1058): Illuminate\\Container\\Container->make()
#6 /app/www/vendor/laravel/framework/src/Illuminate/Container/Container.php(1336): Illuminate\\Foundation\\Application->make()
#7 /app/www/vendor/laravel/framework/src/Illuminate/Container/Container.php(1237): Illuminate\\Container\\Container->resolveClass()
#8 /app/www/vendor/laravel/framework/src/Illuminate/Container/Container.php(1162): Illuminate\\Container\\Container->resolveDependencies()
#9 /app/www/vendor/laravel/framework/src/Illuminate/Container/Container.php(933): Illuminate\\Container\\Container->build()
#10 /app/www/vendor/laravel/framework/src/Illuminate/Foundation/Application.php(1078): Illuminate\\Container\\Container->resolve()
#11 /app/www/vendor/laravel/framework/src/Illuminate/Container/Container.php(864): Illuminate\\Foundation\\Application->resolve()
#12 /app/www/vendor/laravel/framework/src/Illuminate/Foundation/Application.php(1058): Illuminate\\Container\\Container->make()
#13 /app/www/vendor/laravel/framework/src/Illuminate/Foundation/Http/Kernel.php(257): Illuminate\\Foundation\\Application->make()
#14 /app/www/vendor/laravel/framework/src/Illuminate/Foundation/Http/Kernel.php(215): Illuminate\\Foundation\\Http\\Kernel->terminateMiddleware()
#15 /app/www/public/index.php(27): Illuminate\\Foundation\\Http\\Kernel->terminate()
#16 {main}
"} 
[2026-07-03 19:15:10] production.ERROR: Unsupported cipher or incorrect key length. Supported ciphers are: aes-128-cbc, aes-256-cbc, aes-128-gcm, aes-256-gcm. {"exception":"[object] (RuntimeException(code: 0): Unsupported cipher or incorrect key length. Supported ciphers are: aes-128-cbc, aes-256-cbc, aes-128-gcm, aes-256-gcm. at /app/www/vendor/laravel/framework/src/Illuminate/Encryption/Encrypter.php:61)
[stacktrace]
#0 /app/www/vendor/laravel/framework/src/Illuminate/Encryption/EncryptionServiceProvider.php(32): Illuminate\\Encryption\\Encrypter->__construct()
#1 /app/www/vendor/laravel/framework/src/Illuminate/Container/Container.php(1115): Illuminate\\Encryption\\EncryptionServiceProvider->{closure:Illuminate\\Encryption\\EncryptionServiceProvider::registerEncrypter():29}()
#2 /app/www/vendor/laravel/framework/src/Illuminate/Container/Container.php(933): Illuminate\\Container\\Container->build()
#3 /app/www/vendor/laravel/framework/src/Illuminate/Foundation/Application.php(1078): Illuminate\\Container\\Container->resolve()
#4 /app/www/vendor/laravel/framework/src/Illuminate/Container/Container.php(864): Illuminate\\Foundation\\Application->resolve()
#5 /app/www/vendor/laravel/framework/src/Illuminate/Foundation/Application.php(1058): Illuminate\\Container\\Container->make()
#6 /app/www/vendor/laravel/framework/src/Illuminate/Container/Container.php(1336): Illuminate\\Foundation\\Application->make()
#7 /app/www/vendor/laravel/framework/src/Illuminate/Container/Container.php(1237): Illuminate\\Container\\Container->resolveClass()
#8 /app/www/vendor/laravel/framework/src/Illuminate/Container/Container.php(1162): Illuminate\\Container\\Container->resolveDependencies()
#9 /app/www/vendor/laravel/framework/src/Illuminate/Container/Container.php(933): Illuminate\\Container\\Container->build()
#10 /app/www/vendor/laravel/framework/src/Illuminate/Foundation/Application.php(1078): Illuminate\\Container\\Container->resolve()
#11 /app/www/vendor/laravel/framework/src/Illuminate/Container/Container.php(864): Illuminate\\Foundation\\Application->resolve()
#12 /app/www/vendor/laravel/framework/src/Illuminate/Foundation/Application.php(1058): Illuminate\\Container\\Container->make()
#13 /app/www/vendor/laravel/framework/src/Illuminate/Pipeline/Pipeline.php(208): Illuminate\\Foundation\\Application->make()
#14 /app/www/app/Http/Middleware/ApplyCspRules.php(33): Illuminate\\Pipeline\\Pipeline->{closure:{closure:Illuminate\\Pipeline\\Pipeline::carry():194}:195}()
#15 /app/www/vendor/laravel/framework/src/Illuminate/Pipeline/Pipeline.php(219): BookStack\\Http\\Middleware\\ApplyCspRules->handle()
#16 /app/www/vendor/laravel/framework/src/Illuminate/Pipeline/Pipeline.php(137): Illuminate\\Pipeline\\Pipeline->{closure:{closure:Illuminate\\Pipeline\\Pipeline::carry():194}:195}()
#17 /app/www/vendor/laravel/framework/src/Illuminate/Routing/Router.php(821): Illuminate\\Pipeline\\Pipeline->then()
#18 /app/www/vendor/laravel/framework/src/Illuminate/Routing/Router.php(800): Illuminate\\Routing\\Router->runRouteWithinStack()
#19 /app/www/vendor/laravel/framework/src/Illuminate/Routing/Router.php(764): Illuminate\\Routing\\Router->runRoute()
#20 /app/www/vendor/laravel/framework/src/Illuminate/Routing/Router.php(753): Illuminate\\Routing\\Router->dispatchToRoute()
#21 /app/www/vendor/laravel/framework/src/Illuminate/Foundation/Http/Kernel.php(200): Illuminate\\Routing\\Router->dispatch()
#22 /app/www/vendor/laravel/framework/src/Illuminate/Pipeline/Pipeline.php(180): Illuminate\\Foundation\\Http\\Kernel->{closure:Illuminate\\Foundation\\Http\\Kernel::dispatchToRouter():197}()
#23 /app/www/app/Http/Middleware/PreventResponseCaching.php(28): Illuminate\\Pipeline\\Pipeline->{closure:Illuminate\\Pipeline\\Pipeline::prepareDestination():178}()
#24 /app/www/vendor/laravel/framework/src/Illuminate/Pipeline/Pipeline.php(219): BookStack\\Http\\Middleware\\PreventResponseCaching->handle()
#25 /app/www/vendor/laravel/framework/src/Illuminate/Http/Middleware/TrustProxies.php(58): Illuminate\\Pipeline\\Pipeline->{closure:{closure:Illuminate\\Pipeline\\Pipeline::carry():194}:195}()
#26 /app/www/app/Http/Middleware/TrustProxies.php(41): Illuminate\\Http\\Middleware\\TrustProxies->handle()
#27 /app/www/vendor/laravel/framework/src/Illuminate/Pipeline/Pipeline.php(219): BookStack\\Http\\Middleware\\TrustProxies->handle()
#28 /app/www/vendor/laravel/framework/src/Illuminate/Foundation/Http/Middleware/TransformsRequest.php(21): Illuminate\\Pipeline\\Pipeline->{closure:{closure:Illuminate\\Pipeline\\Pipeline::carry():194}:195}()
#29 /app/www/vendor/laravel/framework/src/Illuminate/Foundation/Http/Middleware/TrimStrings.php(51): Illuminate\\Foundation\\Http\\Middleware\\TransformsRequest->handle()
#30 /app/www/vendor/laravel/framework/src/Illuminate/Pipeline/Pipeline.php(219): Illuminate\\Foundation\\Http\\Middleware\\TrimStrings->handle()
#31 /app/www/vendor/laravel/framework/src/Illuminate/Http/Middleware/ValidatePostSize.php(27): Illuminate\\Pipeline\\Pipeline->{closure:{closure:Illuminate\\Pipeline\\Pipeline::carry():194}:195}()
#32 /app/www/vendor/laravel/framework/src/Illuminate/Pipeline/Pipeline.php(219): Illuminate\\Http\\Middleware\\ValidatePostSize->handle()
#33 /app/www/vendor/laravel/framework/src/Illuminate/Foundation/Http/Middleware/PreventRequestsDuringMaintenance.php(109): Illuminate\\Pipeline\\Pipeline->{closure:{closure:Illuminate\\Pipeline\\Pipeline::carry():194}:195}()
#34 /app/www/vendor/laravel/framework/src/Illuminate/Pipeline/Pipeline.php(219): Illuminate\\Foundation\\Http\\Middleware\\PreventRequestsDuringMaintenance->handle()
#35 /app/www/vendor/laravel/framework/src/Illuminate/Pipeline/Pipeline.php(137): Illuminate\\Pipeline\\Pipeline->{closure:{closure:Illuminate\\Pipeline\\Pipeline::carry():194}:195}()
#36 /app/www/vendor/laravel/framework/src/Illuminate/Foundation/Http/Kernel.php(175): Illuminate\\Pipeline\\Pipeline->then()
#37 /app/www/vendor/laravel/framework/src/Illuminate/Foundation/Http/Kernel.php(144): Illuminate\\Foundation\\Http\\Kernel->sendRequestThroughRouter()
#38 /app/www/public/index.php(23): Illuminate\\Foundation\\Http\\Kernel->handle()
#39 {main}
"} 
[2026-07-03 19:15:10] production.ERROR: Unsupported cipher or incorrect key length. Supported ciphers are: aes-128-cbc, aes-256-cbc, aes-128-gcm, aes-256-gcm. {"exception":"[object] (RuntimeException(code: 0): Unsupported cipher or incorrect key length. Supported ciphers are: aes-128-cbc, aes-256-cbc, aes-128-gcm, aes-256-gcm. at /app/www/vendor/laravel/framework/src/Illuminate/Encryption/Encrypter.php:61)
[stacktrace]
#0 /app/www/vendor/laravel/framework/src/Illuminate/Encryption/EncryptionServiceProvider.php(32): Illuminate\\Encryption\\Encrypter->__construct()
#1 /app/www/vendor/laravel/framework/src/Illuminate/Container/Container.php(1115): Illuminate\\Encryption\\EncryptionServiceProvider->{closure:Illuminate\\Encryption\\EncryptionServiceProvider::registerEncrypter():29}()
#2 /app/www/vendor/laravel/framework/src/Illuminate/Container/Container.php(933): Illuminate\\Container\\Container->build()
#3 /app/www/vendor/laravel/framework/src/Illuminate/Foundation/Application.php(1078): Illuminate\\Container\\Container->resolve()
#4 /app/www/vendor/laravel/framework/src/Illuminate/Container/Container.php(864): Illuminate\\Foundation\\Application->resolve()
#5 /app/www/vendor/laravel/framework/src/Illuminate/Foundation/Application.php(1058): Illuminate\\Container\\Container->make()
#6 /app/www/vendor/laravel/framework/src/Illuminate/Container/Container.php(1336): Illuminate\\Foundation\\Application->make()
#7 /app/www/vendor/laravel/framework/src/Illuminate/Container/Container.php(1237): Illuminate\\Container\\Container->resolveClass()
#8 /app/www/vendor/laravel/framework/src/Illuminate/Container/Container.php(1162): Illuminate\\Container\\Container->resolveDependencies()
#9 /app/www/vendor/laravel/framework/src/Illuminate/Container/Container.php(933): Illuminate\\Container\\Container->build()
#10 /app/www/vendor/laravel/framework/src/Illuminate/Foundation/Application.php(1078): Illuminate\\Container\\Container->resolve()
#11 /app/www/vendor/laravel/framework/src/Illuminate/Container/Container.php(864): Illuminate\\Foundation\\Application->resolve()
#12 /app/www/vendor/laravel/framework/src/Illuminate/Foundation/Application.php(1058): Illuminate\\Container\\Container->make()
#13 /app/www/vendor/laravel/framework/src/Illuminate/Foundation/Http/Kernel.php(257): Illuminate\\Foundation\\Application->make()
#14 /app/www/vendor/laravel/framework/src/Illuminate/Foundation/Http/Kernel.php(215): Illuminate\\Foundation\\Http\\Kernel->terminateMiddleware()
#15 /app/www/public/index.php(27): Illuminate\\Foundation\\Http\\Kernel->terminate()
#16 {main}
"} 
[2026-07-03 19:18:55] production.ERROR: Unsupported cipher or incorrect key length. Supported ciphers are: aes-128-cbc, aes-256-cbc, aes-128-gcm, aes-256-gcm. {"exception":"[object] (RuntimeException(code: 0): Unsupported cipher or incorrect key length. Supported ciphers are: aes-128-cbc, aes-256-cbc, aes-128-gcm, aes-256-gcm. at /app/www/vendor/laravel/framework/src/Illuminate/Encryption/Encrypter.php:61)
[stacktrace]
#0 /app/www/vendor/laravel/framework/src/Illuminate/Encryption/EncryptionServiceProvider.php(32): Illuminate\\Encryption\\Encrypter->__construct()
#1 /app/www/vendor/laravel/framework/src/Illuminate/Container/Container.php(1115): Illuminate\\Encryption\\EncryptionServiceProvider->{closure:Illuminate\\Encryption\\EncryptionServiceProvider::registerEncrypter():29}()
#2 /app/www/vendor/laravel/framework/src/Illuminate/Container/Container.php(933): Illuminate\\Container\\Container->build()
#3 /app/www/vendor/laravel/framework/src/Illuminate/Foundation/Application.php(1078): Illuminate\\Container\\Container->resolve()
#4 /app/www/vendor/laravel/framework/src/Illuminate/Container/Container.php(864): Illuminate\\Foundation\\Application->resolve()
#5 /app/www/vendor/laravel/framework/src/Illuminate/Foundation/Application.php(1058): Illuminate\\Container\\Container->make()
#6 /app/www/vendor/laravel/framework/src/Illuminate/Container/Container.php(1336): Illuminate\\Foundation\\Application->make()
#7 /app/www/vendor/laravel/framework/src/Illuminate/Container/Container.php(1237): Illuminate\\Container\\Container->resolveClass()
#8 /app/www/vendor/laravel/framework/src/Illuminate/Container/Container.php(1162): Illuminate\\Container\\Container->resolveDependencies()
#9 /app/www/vendor/laravel/framework/src/Illuminate/Container/Container.php(933): Illuminate\\Container\\Container->build()
#10 /app/www/vendor/laravel/framework/src/Illuminate/Foundation/Application.php(1078): Illuminate\\Container\\Container->resolve()
#11 /app/www/vendor/laravel/framework/src/Illuminate/Container/Container.php(864): Illuminate\\Foundation\\Application->resolve()
#12 /app/www/vendor/laravel/framework/src/Illuminate/Foundation/Application.php(1058): Illuminate\\Container\\Container->make()
#13 /app/www/vendor/laravel/framework/src/Illuminate/Pipeline/Pipeline.php(208): Illuminate\\Foundation\\Application->make()
#14 /app/www/app/Http/Middleware/ApplyCspRules.php(33): Illuminate\\Pipeline\\Pipeline->{closure:{closure:Illuminate\\Pipeline\\Pipeline::carry():194}:195}()
#15 /app/www/vendor/laravel/framework/src/Illuminate/Pipeline/Pipeline.php(219): BookStack\\Http\\Middleware\\ApplyCspRules->handle()
#16 /app/www/vendor/laravel/framework/src/Illuminate/Pipeline/Pipeline.php(137): Illuminate\\Pipeline\\Pipeline->{closure:{closure:Illuminate\\Pipeline\\Pipeline::carry():194}:195}()
#17 /app/www/vendor/laravel/framework/src/Illuminate/Routing/Router.php(821): Illuminate\\Pipeline\\Pipeline->then()
#18 /app/www/vendor/laravel/framework/src/Illuminate/Routing/Router.php(800): Illuminate\\Routing\\Router->runRouteWithinStack()
#19 /app/www/vendor/laravel/framework/src/Illuminate/Routing/Router.php(764): Illuminate\\Routing\\Router->runRoute()
#20 /app/www/vendor/laravel/framework/src/Illuminate/Routing/Router.php(753): Illuminate\\Routing\\Router->dispatchToRoute()
#21 /app/www/vendor/laravel/framework/src/Illuminate/Foundation/Http/Kernel.php(200): Illuminate\\Routing\\Router->dispatch()
#22 /app/www/vendor/laravel/framework/src/Illuminate/Pipeline/Pipeline.php(180): Illuminate\\Foundation\\Http\\Kernel->{closure:Illuminate\\Foundation\\Http\\Kernel::dispatchToRouter():197}()
#23 /app/www/app/Http/Middleware/PreventResponseCaching.php(28): Illuminate\\Pipeline\\Pipeline->{closure:Illuminate\\Pipeline\\Pipeline::prepareDestination():178}()
#24 /app/www/vendor/laravel/framework/src/Illuminate/Pipeline/Pipeline.php(219): BookStack\\Http\\Middleware\\PreventResponseCaching->handle()
#25 /app/www/vendor/laravel/framework/src/Illuminate/Http/Middleware/TrustProxies.php(58): Illuminate\\Pipeline\\Pipeline->{closure:{closure:Illuminate\\Pipeline\\Pipeline::carry():194}:195}()
#26 /app/www/app/Http/Middleware/TrustProxies.php(41): Illuminate\\Http\\Middleware\\TrustProxies->handle()
#27 /app/www/vendor/laravel/framework/src/Illuminate/Pipeline/Pipeline.php(219): BookStack\\Http\\Middleware\\TrustProxies->handle()
#28 /app/www/vendor/laravel/framework/src/Illuminate/Foundation/Http/Middleware/TransformsRequest.php(21): Illuminate\\Pipeline\\Pipeline->{closure:{closure:Illuminate\\Pipeline\\Pipeline::carry():194}:195}()
#29 /app/www/vendor/laravel/framework/src/Illuminate/Foundation/Http/Middleware/TrimStrings.php(51): Illuminate\\Foundation\\Http\\Middleware\\TransformsRequest->handle()
#30 /app/www/vendor/laravel/framework/src/Illuminate/Pipeline/Pipeline.php(219): Illuminate\\Foundation\\Http\\Middleware\\TrimStrings->handle()
#31 /app/www/vendor/laravel/framework/src/Illuminate/Http/Middleware/ValidatePostSize.php(27): Illuminate\\Pipeline\\Pipeline->{closure:{closure:Illuminate\\Pipeline\\Pipeline::carry():194}:195}()
#32 /app/www/vendor/laravel/framework/src/Illuminate/Pipeline/Pipeline.php(219): Illuminate\\Http\\Middleware\\ValidatePostSize->handle()
#33 /app/www/vendor/laravel/framework/src/Illuminate/Foundation/Http/Middleware/PreventRequestsDuringMaintenance.php(109): Illuminate\\Pipeline\\Pipeline->{closure:{closure:Illuminate\\Pipeline\\Pipeline::carry():194}:195}()
#34 /app/www/vendor/laravel/framework/src/Illuminate/Pipeline/Pipeline.php(219): Illuminate\\Foundation\\Http\\Middleware\\PreventRequestsDuringMaintenance->handle()
#35 /app/www/vendor/laravel/framework/src/Illuminate/Pipeline/Pipeline.php(137): Illuminate\\Pipeline\\Pipeline->{closure:{closure:Illuminate\\Pipeline\\Pipeline::carry():194}:195}()
#36 /app/www/vendor/laravel/framework/src/Illuminate/Foundation/Http/Kernel.php(175): Illuminate\\Pipeline\\Pipeline->then()
#37 /app/www/vendor/laravel/framework/src/Illuminate/Foundation/Http/Kernel.php(144): Illuminate\\Foundation\\Http\\Kernel->sendRequestThroughRouter()
#38 /app/www/public/index.php(23): Illuminate\\Foundation\\Http\\Kernel->handle()
#39 {main}
"} 
[2026-07-03 19:18:55] production.ERROR: Unsupported cipher or incorrect key length. Supported ciphers are: aes-128-cbc, aes-256-cbc, aes-128-gcm, aes-256-gcm. {"exception":"[object] (RuntimeException(code: 0): Unsupported cipher or incorrect key length. Supported ciphers are: aes-128-cbc, aes-256-cbc, aes-128-gcm, aes-256-gcm. at /app/www/vendor/laravel/framework/src/Illuminate/Encryption/Encrypter.php:61)
[stacktrace]
#0 /app/www/vendor/laravel/framework/src/Illuminate/Encryption/EncryptionServiceProvider.php(32): Illuminate\\Encryption\\Encrypter->__construct()
#1 /app/www/vendor/laravel/framework/src/Illuminate/Container/Container.php(1115): Illuminate\\Encryption\\EncryptionServiceProvider->{closure:Illuminate\\Encryption\\EncryptionServiceProvider::registerEncrypter():29}()
#2 /app/www/vendor/laravel/framework/src/Illuminate/Container/Container.php(933): Illuminate\\Container\\Container->build()
#3 /app/www/vendor/laravel/framework/src/Illuminate/Foundation/Application.php(1078): Illuminate\\Container\\Container->resolve()
#4 /app/www/vendor/laravel/framework/src/Illuminate/Container/Container.php(864): Illuminate\\Foundation\\Application->resolve()
#5 /app/www/vendor/laravel/framework/src/Illuminate/Foundation/Application.php(1058): Illuminate\\Container\\Container->make()
#6 /app/www/vendor/laravel/framework/src/Illuminate/Container/Container.php(1336): Illuminate\\Foundation\\Application->make()
#7 /app/www/vendor/laravel/framework/src/Illuminate/Container/Container.php(1237): Illuminate\\Container\\Container->resolveClass()
#8 /app/www/vendor/laravel/framework/src/Illuminate/Container/Container.php(1162): Illuminate\\Container\\Container->resolveDependencies()
#9 /app/www/vendor/laravel/framework/src/Illuminate/Container/Container.php(933): Illuminate\\Container\\Container->build()
#10 /app/www/vendor/laravel/framework/src/Illuminate/Foundation/Application.php(1078): Illuminate\\Container\\Container->resolve()
#11 /app/www/vendor/laravel/framework/src/Illuminate/Container/Container.php(864): Illuminate\\Foundation\\Application->resolve()
#12 /app/www/vendor/laravel/framework/src/Illuminate/Foundation/Application.php(1058): Illuminate\\Container\\Container->make()
#13 /app/www/vendor/laravel/framework/src/Illuminate/Foundation/Http/Kernel.php(257): Illuminate\\Foundation\\Application->make()
#14 /app/www/vendor/laravel/framework/src/Illuminate/Foundation/Http/Kernel.php(215): Illuminate\\Foundation\\Http\\Kernel->terminateMiddleware()
#15 /app/www/public/index.php(27): Illuminate\\Foundation\\Http\\Kernel->terminate()
#16 {main}
"} 
[2026-07-03 19:18:56] production.ERROR: Unsupported cipher or incorrect key length. Supported ciphers are: aes-128-cbc, aes-256-cbc, aes-128-gcm, aes-256-gcm. {"exception":"[object] (RuntimeException(code: 0): Unsupported cipher or incorrect key length. Supported ciphers are: aes-128-cbc, aes-256-cbc, aes-128-gcm, aes-256-gcm. at /app/www/vendor/laravel/framework/src/Illuminate/Encryption/Encrypter.php:61)
[stacktrace]
#0 /app/www/vendor/laravel/framework/src/Illuminate/Encryption/EncryptionServiceProvider.php(32): Illuminate\\Encryption\\Encrypter->__construct()
#1 /app/www/vendor/laravel/framework/src/Illuminate/Container/Container.php(1115): Illuminate\\Encryption\\EncryptionServiceProvider->{closure:Illuminate\\Encryption\\EncryptionServiceProvider::registerEncrypter():29}()
#2 /app/www/vendor/laravel/framework/src/Illuminate/Container/Container.php(933): Illuminate\\Container\\Container->build()
#3 /app/www/vendor/laravel/framework/src/Illuminate/Foundation/Application.php(1078): Illuminate\\Container\\Container->resolve()
#4 /app/www/vendor/laravel/framework/src/Illuminate/Container/Container.php(864): Illuminate\\Foundation\\Application->resolve()
#5 /app/www/vendor/laravel/framework/src/Illuminate/Foundation/Application.php(1058): Illuminate\\Container\\Container->make()
#6 /app/www/vendor/laravel/framework/src/Illuminate/Container/Container.php(1336): Illuminate\\Foundation\\Application->make()
#7 /app/www/vendor/laravel/framework/src/Illuminate/Container/Container.php(1237): Illuminate\\Container\\Container->resolveClass()
#8 /app/www/vendor/laravel/framework/src/Illuminate/Container/Container.php(1162): Illuminate\\Container\\Container->resolveDependencies()
#9 /app/www/vendor/laravel/framework/src/Illuminate/Container/Container.php(933): Illuminate\\Container\\Container->build()
#10 /app/www/vendor/laravel/framework/src/Illuminate/Foundation/Application.php(1078): Illuminate\\Container\\Container->resolve()
#11 /app/www/vendor/laravel/framework/src/Illuminate/Container/Container.php(864): Illuminate\\Foundation\\Application->resolve()
#12 /app/www/vendor/laravel/framework/src/Illuminate/Foundation/Application.php(1058): Illuminate\\Container\\Container->make()
#13 /app/www/vendor/laravel/framework/src/Illuminate/Pipeline/Pipeline.php(208): Illuminate\\Foundation\\Application->make()
#14 /app/www/app/Http/Middleware/ApplyCspRules.php(33): Illuminate\\Pipeline\\Pipeline->{closure:{closure:Illuminate\\Pipeline\\Pipeline::carry():194}:195}()
#15 /app/www/vendor/laravel/framework/src/Illuminate/Pipeline/Pipeline.php(219): BookStack\\Http\\Middleware\\ApplyCspRules->handle()
#16 /app/www/vendor/laravel/framework/src/Illuminate/Pipeline/Pipeline.php(137): Illuminate\\Pipeline\\Pipeline->{closure:{closure:Illuminate\\Pipeline\\Pipeline::carry():194}:195}()
#17 /app/www/vendor/laravel/framework/src/Illuminate/Routing/Router.php(821): Illuminate\\Pipeline\\Pipeline->then()
#18 /app/www/vendor/laravel/framework/src/Illuminate/Routing/Router.php(800): Illuminate\\Routing\\Router->runRouteWithinStack()
#19 /app/www/vendor/laravel/framework/src/Illuminate/Routing/Router.php(764): Illuminate\\Routing\\Router->runRoute()
#20 /app/www/vendor/laravel/framework/src/Illuminate/Routing/Router.php(753): Illuminate\\Routing\\Router->dispatchToRoute()
#21 /app/www/vendor/laravel/framework/src/Illuminate/Foundation/Http/Kernel.php(200): Illuminate\\Routing\\Router->dispatch()
#22 /app/www/vendor/laravel/framework/src/Illuminate/Pipeline/Pipeline.php(180): Illuminate\\Foundation\\Http\\Kernel->{closure:Illuminate\\Foundation\\Http\\Kernel::dispatchToRouter():197}()
#23 /app/www/app/Http/Middleware/PreventResponseCaching.php(28): Illuminate\\Pipeline\\Pipeline->{closure:Illuminate\\Pipeline\\Pipeline::prepareDestination():178}()
#24 /app/www/vendor/laravel/framework/src/Illuminate/Pipeline/Pipeline.php(219): BookStack\\Http\\Middleware\\PreventResponseCaching->handle()
#25 /app/www/vendor/laravel/framework/src/Illuminate/Http/Middleware/TrustProxies.php(58): Illuminate\\Pipeline\\Pipeline->{closure:{closure:Illuminate\\Pipeline\\Pipeline::carry():194}:195}()
#26 /app/www/app/Http/Middleware/TrustProxies.php(41): Illuminate\\Http\\Middleware\\TrustProxies->handle()
#27 /app/www/vendor/laravel/framework/src/Illuminate/Pipeline/Pipeline.php(219): BookStack\\Http\\Middleware\\TrustProxies->handle()
#28 /app/www/vendor/laravel/framework/src/Illuminate/Foundation/Http/Middleware/TransformsRequest.php(21): Illuminate\\Pipeline\\Pipeline->{closure:{closure:Illuminate\\Pipeline\\Pipeline::carry():194}:195}()
#29 /app/www/vendor/laravel/framework/src/Illuminate/Foundation/Http/Middleware/TrimStrings.php(51): Illuminate\\Foundation\\Http\\Middleware\\TransformsRequest->handle()
#30 /app/www/vendor/laravel/framework/src/Illuminate/Pipeline/Pipeline.php(219): Illuminate\\Foundation\\Http\\Middleware\\TrimStrings->handle()
#31 /app/www/vendor/laravel/framework/src/Illuminate/Http/Middleware/ValidatePostSize.php(27): Illuminate\\Pipeline\\Pipeline->{closure:{closure:Illuminate\\Pipeline\\Pipeline::carry():194}:195}()
#32 /app/www/vendor/laravel/framework/src/Illuminate/Pipeline/Pipeline.php(219): Illuminate\\Http\\Middleware\\ValidatePostSize->handle()
#33 /app/www/vendor/laravel/framework/src/Illuminate/Foundation/Http/Middleware/PreventRequestsDuringMaintenance.php(109): Illuminate\\Pipeline\\Pipeline->{closure:{closure:Illuminate\\Pipeline\\Pipeline::carry():194}:195}()
#34 /app/www/vendor/laravel/framework/src/Illuminate/Pipeline/Pipeline.php(219): Illuminate\\Foundation\\Http\\Middleware\\PreventRequestsDuringMaintenance->handle()
#35 /app/www/vendor/laravel/framework/src/Illuminate/Pipeline/Pipeline.php(137): Illuminate\\Pipeline\\Pipeline->{closure:{closure:Illuminate\\Pipeline\\Pipeline::carry():194}:195}()
#36 /app/www/vendor/laravel/framework/src/Illuminate/Foundation/Http/Kernel.php(175): Illuminate\\Pipeline\\Pipeline->then()
#37 /app/www/vendor/laravel/framework/src/Illuminate/Foundation/Http/Kernel.php(144): Illuminate\\Foundation\\Http\\Kernel->sendRequestThroughRouter()
#38 /app/www/public/index.php(23): Illuminate\\Foundation\\Http\\Kernel->handle()
#39 {main}
"} 
[2026-07-03 19:18:56] production.ERROR: Unsupported cipher or incorrect key length. Supported ciphers are: aes-128-cbc, aes-256-cbc, aes-128-gcm, aes-256-gcm. {"exception":"[object] (RuntimeException(code: 0): Unsupported cipher or incorrect key length. Supported ciphers are: aes-128-cbc, aes-256-cbc, aes-128-gcm, aes-256-gcm. at /app/www/vendor/laravel/framework/src/Illuminate/Encryption/Encrypter.php:61)
[stacktrace]
#0 /app/www/vendor/laravel/framework/src/Illuminate/Encryption/EncryptionServiceProvider.php(32): Illuminate\\Encryption\\Encrypter->__construct()
#1 /app/www/vendor/laravel/framework/src/Illuminate/Container/Container.php(1115): Illuminate\\Encryption\\EncryptionServiceProvider->{closure:Illuminate\\Encryption\\EncryptionServiceProvider::registerEncrypter():29}()
#2 /app/www/vendor/laravel/framework/src/Illuminate/Container/Container.php(933): Illuminate\\Container\\Container->build()
#3 /app/www/vendor/laravel/framework/src/Illuminate/Foundation/Application.php(1078): Illuminate\\Container\\Container->resolve()
#4 /app/www/vendor/laravel/framework/src/Illuminate/Container/Container.php(864): Illuminate\\Foundation\\Application->resolve()
#5 /app/www/vendor/laravel/framework/src/Illuminate/Foundation/Application.php(1058): Illuminate\\Container\\Container->make()
#6 /app/www/vendor/laravel/framework/src/Illuminate/Container/Container.php(1336): Illuminate\\Foundation\\Application->make()
#7 /app/www/vendor/laravel/framework/src/Illuminate/Container/Container.php(1237): Illuminate\\Container\\Container->resolveClass()
#8 /app/www/vendor/laravel/framework/src/Illuminate/Container/Container.php(1162): Illuminate\\Container\\Container->resolveDependencies()
#9 /app/www/vendor/laravel/framework/src/Illuminate/Container/Container.php(933): Illuminate\\Container\\Container->build()
#10 /app/www/vendor/laravel/framework/src/Illuminate/Foundation/Application.php(1078): Illuminate\\Container\\Container->resolve()
#11 /app/www/vendor/laravel/framework/src/Illuminate/Container/Container.php(864): Illuminate\\Foundation\\Application->resolve()
#12 /app/www/vendor/laravel/framework/src/Illuminate/Foundation/Application.php(1058): Illuminate\\Container\\Container->make()
#13 /app/www/vendor/laravel/framework/src/Illuminate/Foundation/Http/Kernel.php(257): Illuminate\\Foundation\\Application->make()
#14 /app/www/vendor/laravel/framework/src/Illuminate/Foundation/Http/Kernel.php(215): Illuminate\\Foundation\\Http\\Kernel->terminateMiddleware()
#15 /app/www/public/index.php(27): Illuminate\\Foundation\\Http\\Kernel->terminate()
#16 {main}
"} 
[2026-07-03 19:20:56] production.ERROR: Unsupported cipher or incorrect key length. Supported ciphers are: aes-128-cbc, aes-256-cbc, aes-128-gcm, aes-256-gcm. {"exception":"[object] (RuntimeException(code: 0): Unsupported cipher or incorrect key length. Supported ciphers are: aes-128-cbc, aes-256-cbc, aes-128-gcm, aes-256-gcm. at /app/www/vendor/laravel/framework/src/Illuminate/Encryption/Encrypter.php:61)
[stacktrace]
#0 /app/www/vendor/laravel/framework/src/Illuminate/Encryption/EncryptionServiceProvider.php(32): Illuminate\\Encryption\\Encrypter->__construct()
#1 /app/www/vendor/laravel/framework/src/Illuminate/Container/Container.php(1115): Illuminate\\Encryption\\EncryptionServiceProvider->{closure:Illuminate\\Encryption\\EncryptionServiceProvider::registerEncrypter():29}()
#2 /app/www/vendor/laravel/framework/src/Illuminate/Container/Container.php(933): Illuminate\\Container\\Container->build()
#3 /app/www/vendor/laravel/framework/src/Illuminate/Foundation/Application.php(1078): Illuminate\\Container\\Container->resolve()
#4 /app/www/vendor/laravel/framework/src/Illuminate/Container/Container.php(864): Illuminate\\Foundation\\Application->resolve()
#5 /app/www/vendor/laravel/framework/src/Illuminate/Foundation/Application.php(1058): Illuminate\\Container\\Container->make()
#6 /app/www/vendor/laravel/framework/src/Illuminate/Container/Container.php(1336): Illuminate\\Foundation\\Application->make()
#7 /app/www/vendor/laravel/framework/src/Illuminate/Container/Container.php(1237): Illuminate\\Container\\Container->resolveClass()
#8 /app/www/vendor/laravel/framework/src/Illuminate/Container/Container.php(1162): Illuminate\\Container\\Container->resolveDependencies()
#9 /app/www/vendor/laravel/framework/src/Illuminate/Container/Container.php(933): Illuminate\\Container\\Container->build()
#10 /app/www/vendor/laravel/framework/src/Illuminate/Foundation/Application.php(1078): Illuminate\\Container\\Container->resolve()
#11 /app/www/vendor/laravel/framework/src/Illuminate/Container/Container.php(864): Illuminate\\Foundation\\Application->resolve()
#12 /app/www/vendor/laravel/framework/src/Illuminate/Foundation/Application.php(1058): Illuminate\\Container\\Container->make()
#13 /app/www/vendor/laravel/framework/src/Illuminate/Pipeline/Pipeline.php(208): Illuminate\\Foundation\\Application->make()
#14 /app/www/app/Http/Middleware/ApplyCspRules.php(33): Illuminate\\Pipeline\\Pipeline->{closure:{closure:Illuminate\\Pipeline\\Pipeline::carry():194}:195}()
#15 /app/www/vendor/laravel/framework/src/Illuminate/Pipeline/Pipeline.php(219): BookStack\\Http\\Middleware\\ApplyCspRules->handle()
#16 /app/www/vendor/laravel/framework/src/Illuminate/Pipeline/Pipeline.php(137): Illuminate\\Pipeline\\Pipeline->{closure:{closure:Illuminate\\Pipeline\\Pipeline::carry():194}:195}()
#17 /app/www/vendor/laravel/framework/src/Illuminate/Routing/Router.php(821): Illuminate\\Pipeline\\Pipeline->then()
#18 /app/www/vendor/laravel/framework/src/Illuminate/Routing/Router.php(800): Illuminate\\Routing\\Router->runRouteWithinStack()
#19 /app/www/vendor/laravel/framework/src/Illuminate/Routing/Router.php(764): Illuminate\\Routing\\Router->runRoute()
#20 /app/www/vendor/laravel/framework/src/Illuminate/Routing/Router.php(753): Illuminate\\Routing\\Router->dispatchToRoute()
#21 /app/www/vendor/laravel/framework/src/Illuminate/Foundation/Http/Kernel.php(200): Illuminate\\Routing\\Router->dispatch()
#22 /app/www/vendor/laravel/framework/src/Illuminate/Pipeline/Pipeline.php(180): Illuminate\\Foundation\\Http\\Kernel->{closure:Illuminate\\Foundation\\Http\\Kernel::dispatchToRouter():197}()
#23 /app/www/app/Http/Middleware/PreventResponseCaching.php(28): Illuminate\\Pipeline\\Pipeline->{closure:Illuminate\\Pipeline\\Pipeline::prepareDestination():178}()
#24 /app/www/vendor/laravel/framework/src/Illuminate/Pipeline/Pipeline.php(219): BookStack\\Http\\Middleware\\PreventResponseCaching->handle()
#25 /app/www/vendor/laravel/framework/src/Illuminate/Http/Middleware/TrustProxies.php(58): Illuminate\\Pipeline\\Pipeline->{closure:{closure:Illuminate\\Pipeline\\Pipeline::carry():194}:195}()
#26 /app/www/app/Http/Middleware/TrustProxies.php(41): Illuminate\\Http\\Middleware\\TrustProxies->handle()
#27 /app/www/vendor/laravel/framework/src/Illuminate/Pipeline/Pipeline.php(219): BookStack\\Http\\Middleware\\TrustProxies->handle()
#28 /app/www/vendor/laravel/framework/src/Illuminate/Foundation/Http/Middleware/TransformsRequest.php(21): Illuminate\\Pipeline\\Pipeline->{closure:{closure:Illuminate\\Pipeline\\Pipeline::carry():194}:195}()
#29 /app/www/vendor/laravel/framework/src/Illuminate/Foundation/Http/Middleware/TrimStrings.php(51): Illuminate\\Foundation\\Http\\Middleware\\TransformsRequest->handle()
#30 /app/www/vendor/laravel/framework/src/Illuminate/Pipeline/Pipeline.php(219): Illuminate\\Foundation\\Http\\Middleware\\TrimStrings->handle()
#31 /app/www/vendor/laravel/framework/src/Illuminate/Http/Middleware/ValidatePostSize.php(27): Illuminate\\Pipeline\\Pipeline->{closure:{closure:Illuminate\\Pipeline\\Pipeline::carry():194}:195}()
#32 /app/www/vendor/laravel/framework/src/Illuminate/Pipeline/Pipeline.php(219): Illuminate\\Http\\Middleware\\ValidatePostSize->handle()
#33 /app/www/vendor/laravel/framework/src/Illuminate/Foundation/Http/Middleware/PreventRequestsDuringMaintenance.php(109): Illuminate\\Pipeline\\Pipeline->{closure:{closure:Illuminate\\Pipeline\\Pipeline::carry():194}:195}()
#34 /app/www/vendor/laravel/framework/src/Illuminate/Pipeline/Pipeline.php(219): Illuminate\\Foundation\\Http\\Middleware\\PreventRequestsDuringMaintenance->handle()
#35 /app/www/vendor/laravel/framework/src/Illuminate/Pipeline/Pipeline.php(137): Illuminate\\Pipeline\\Pipeline->{closure:{closure:Illuminate\\Pipeline\\Pipeline::carry():194}:195}()
#36 /app/www/vendor/laravel/framework/src/Illuminate/Foundation/Http/Kernel.php(175): Illuminate\\Pipeline\\Pipeline->then()
#37 /app/www/vendor/laravel/framework/src/Illuminate/Foundation/Http/Kernel.php(144): Illuminate\\Foundation\\Http\\Kernel->sendRequestThroughRouter()
#38 /app/www/public/index.php(23): Illuminate\\Foundation\\Http\\Kernel->handle()
#39 {main}
"} 
[2026-07-03 19:20:57] production.ERROR: Unsupported cipher or incorrect key length. Supported ciphers are: aes-128-cbc, aes-256-cbc, aes-128-gcm, aes-256-gcm. {"exception":"[object] (RuntimeException(code: 0): Unsupported cipher or incorrect key length. Supported ciphers are: aes-128-cbc, aes-256-cbc, aes-128-gcm, aes-256-gcm. at /app/www/vendor/laravel/framework/src/Illuminate/Encryption/Encrypter.php:61)
[stacktrace]
#0 /app/www/vendor/laravel/framework/src/Illuminate/Encryption/EncryptionServiceProvider.php(32): Illuminate\\Encryption\\Encrypter->__construct()
#1 /app/www/vendor/laravel/framework/src/Illuminate/Container/Container.php(1115): Illuminate\\Encryption\\EncryptionServiceProvider->{closure:Illuminate\\Encryption\\EncryptionServiceProvider::registerEncrypter():29}()
#2 /app/www/vendor/laravel/framework/src/Illuminate/Container/Container.php(933): Illuminate\\Container\\Container->build()
#3 /app/www/vendor/laravel/framework/src/Illuminate/Foundation/Application.php(1078): Illuminate\\Container\\Container->resolve()
#4 /app/www/vendor/laravel/framework/src/Illuminate/Container/Container.php(864): Illuminate\\Foundation\\Application->resolve()
#5 /app/www/vendor/laravel/framework/src/Illuminate/Foundation/Application.php(1058): Illuminate\\Container\\Container->make()
#6 /app/www/vendor/laravel/framework/src/Illuminate/Container/Container.php(1336): Illuminate\\Foundation\\Application->make()
#7 /app/www/vendor/laravel/framework/src/Illuminate/Container/Container.php(1237): Illuminate\\Container\\Container->resolveClass()
#8 /app/www/vendor/laravel/framework/src/Illuminate/Container/Container.php(1162): Illuminate\\Container\\Container->resolveDependencies()
#9 /app/www/vendor/laravel/framework/src/Illuminate/Container/Container.php(933): Illuminate\\Container\\Container->build()
#10 /app/www/vendor/laravel/framework/src/Illuminate/Foundation/Application.php(1078): Illuminate\\Container\\Container->resolve()
#11 /app/www/vendor/laravel/framework/src/Illuminate/Container/Container.php(864): Illuminate\\Foundation\\Application->resolve()
#12 /app/www/vendor/laravel/framework/src/Illuminate/Foundation/Application.php(1058): Illuminate\\Container\\Container->make()
#13 /app/www/vendor/laravel/framework/src/Illuminate/Foundation/Http/Kernel.php(257): Illuminate\\Foundation\\Application->make()
#14 /app/www/vendor/laravel/framework/src/Illuminate/Foundation/Http/Kernel.php(215): Illuminate\\Foundation\\Http\\Kernel->terminateMiddleware()
#15 /app/www/public/index.php(27): Illuminate\\Foundation\\Http\\Kernel->terminate()
#16 {main}
"} 
[2026-07-03 19:20:57] production.ERROR: Unsupported cipher or incorrect key length. Supported ciphers are: aes-128-cbc, aes-256-cbc, aes-128-gcm, aes-256-gcm. {"exception":"[object] (RuntimeException(code: 0): Unsupported cipher or incorrect key length. Supported ciphers are: aes-128-cbc, aes-256-cbc, aes-128-gcm, aes-256-gcm. at /app/www/vendor/laravel/framework/src/Illuminate/Encryption/Encrypter.php:61)
[stacktrace]
#0 /app/www/vendor/laravel/framework/src/Illuminate/Encryption/EncryptionServiceProvider.php(32): Illuminate\\Encryption\\Encrypter->__construct()
#1 /app/www/vendor/laravel/framework/src/Illuminate/Container/Container.php(1115): Illuminate\\Encryption\\EncryptionServiceProvider->{closure:Illuminate\\Encryption\\EncryptionServiceProvider::registerEncrypter():29}()
#2 /app/www/vendor/laravel/framework/src/Illuminate/Container/Container.php(933): Illuminate\\Container\\Container->build()
#3 /app/www/vendor/laravel/framework/src/Illuminate/Foundation/Application.php(1078): Illuminate\\Container\\Container->resolve()
#4 /app/www/vendor/laravel/framework/src/Illuminate/Container/Container.php(864): Illuminate\\Foundation\\Application->resolve()
#5 /app/www/vendor/laravel/framework/src/Illuminate/Foundation/Application.php(1058): Illuminate\\Container\\Container->make()
#6 /app/www/vendor/laravel/framework/src/Illuminate/Container/Container.php(1336): Illuminate\\Foundation\\Application->make()
#7 /app/www/vendor/laravel/framework/src/Illuminate/Container/Container.php(1237): Illuminate\\Container\\Container->resolveClass()
#8 /app/www/vendor/laravel/framework/src/Illuminate/Container/Container.php(1162): Illuminate\\Container\\Container->resolveDependencies()
#9 /app/www/vendor/laravel/framework/src/Illuminate/Container/Container.php(933): Illuminate\\Container\\Container->build()
#10 /app/www/vendor/laravel/framework/src/Illuminate/Foundation/Application.php(1078): Illuminate\\Container\\Container->resolve()
#11 /app/www/vendor/laravel/framework/src/Illuminate/Container/Container.php(864): Illuminate\\Foundation\\Application->resolve()
#12 /app/www/vendor/laravel/framework/src/Illuminate/Foundation/Application.php(1058): Illuminate\\Container\\Container->make()
#13 /app/www/vendor/laravel/framework/src/Illuminate/Pipeline/Pipeline.php(208): Illuminate\\Foundation\\Application->make()
#14 /app/www/app/Http/Middleware/ApplyCspRules.php(33): Illuminate\\Pipeline\\Pipeline->{closure:{closure:Illuminate\\Pipeline\\Pipeline::carry():194}:195}()
#15 /app/www/vendor/laravel/framework/src/Illuminate/Pipeline/Pipeline.php(219): BookStack\\Http\\Middleware\\ApplyCspRules->handle()
#16 /app/www/vendor/laravel/framework/src/Illuminate/Pipeline/Pipeline.php(137): Illuminate\\Pipeline\\Pipeline->{closure:{closure:Illuminate\\Pipeline\\Pipeline::carry():194}:195}()
#17 /app/www/vendor/laravel/framework/src/Illuminate/Routing/Router.php(821): Illuminate\\Pipeline\\Pipeline->then()
#18 /app/www/vendor/laravel/framework/src/Illuminate/Routing/Router.php(800): Illuminate\\Routing\\Router->runRouteWithinStack()
#19 /app/www/vendor/laravel/framework/src/Illuminate/Routing/Router.php(764): Illuminate\\Routing\\Router->runRoute()
#20 /app/www/vendor/laravel/framework/src/Illuminate/Routing/Router.php(753): Illuminate\\Routing\\Router->dispatchToRoute()
#21 /app/www/vendor/laravel/framework/src/Illuminate/Foundation/Http/Kernel.php(200): Illuminate\\Routing\\Router->dispatch()
#22 /app/www/vendor/laravel/framework/src/Illuminate/Pipeline/Pipeline.php(180): Illuminate\\Foundation\\Http\\Kernel->{closure:Illuminate\\Foundation\\Http\\Kernel::dispatchToRouter():197}()
#23 /app/www/app/Http/Middleware/PreventResponseCaching.php(28): Illuminate\\Pipeline\\Pipeline->{closure:Illuminate\\Pipeline\\Pipeline::prepareDestination():178}()
#24 /app/www/vendor/laravel/framework/src/Illuminate/Pipeline/Pipeline.php(219): BookStack\\Http\\Middleware\\PreventResponseCaching->handle()
#25 /app/www/vendor/laravel/framework/src/Illuminate/Http/Middleware/TrustProxies.php(58): Illuminate\\Pipeline\\Pipeline->{closure:{closure:Illuminate\\Pipeline\\Pipeline::carry():194}:195}()
#26 /app/www/app/Http/Middleware/TrustProxies.php(41): Illuminate\\Http\\Middleware\\TrustProxies->handle()
#27 /app/www/vendor/laravel/framework/src/Illuminate/Pipeline/Pipeline.php(219): BookStack\\Http\\Middleware\\TrustProxies->handle()
#28 /app/www/vendor/laravel/framework/src/Illuminate/Foundation/Http/Middleware/TransformsRequest.php(21): Illuminate\\Pipeline\\Pipeline->{closure:{closure:Illuminate\\Pipeline\\Pipeline::carry():194}:195}()
#29 /app/www/vendor/laravel/framework/src/Illuminate/Foundation/Http/Middleware/TrimStrings.php(51): Illuminate\\Foundation\\Http\\Middleware\\TransformsRequest->handle()
#30 /app/www/vendor/laravel/framework/src/Illuminate/Pipeline/Pipeline.php(219): Illuminate\\Foundation\\Http\\Middleware\\TrimStrings->handle()
#31 /app/www/vendor/laravel/framework/src/Illuminate/Http/Middleware/ValidatePostSize.php(27): Illuminate\\Pipeline\\Pipeline->{closure:{closure:Illuminate\\Pipeline\\Pipeline::carry():194}:195}()
#32 /app/www/vendor/laravel/framework/src/Illuminate/Pipeline/Pipeline.php(219): Illuminate\\Http\\Middleware\\ValidatePostSize->handle()
#33 /app/www/vendor/laravel/framework/src/Illuminate/Foundation/Http/Middleware/PreventRequestsDuringMaintenance.php(109): Illuminate\\Pipeline\\Pipeline->{closure:{closure:Illuminate\\Pipeline\\Pipeline::carry():194}:195}()
#34 /app/www/vendor/laravel/framework/src/Illuminate/Pipeline/Pipeline.php(219): Illuminate\\Foundation\\Http\\Middleware\\PreventRequestsDuringMaintenance->handle()
#35 /app/www/vendor/laravel/framework/src/Illuminate/Pipeline/Pipeline.php(137): Illuminate\\Pipeline\\Pipeline->{closure:{closure:Illuminate\\Pipeline\\Pipeline::carry():194}:195}()
#36 /app/www/vendor/laravel/framework/src/Illuminate/Foundation/Http/Kernel.php(175): Illuminate\\Pipeline\\Pipeline->then()
#37 /app/www/vendor/laravel/framework/src/Illuminate/Foundation/Http/Kernel.php(144): Illuminate\\Foundation\\Http\\Kernel->sendRequestThroughRouter()
#38 /app/www/public/index.php(23): Illuminate\\Foundation\\Http\\Kernel->handle()
#39 {main}
"} 
[2026-07-03 19:20:57] production.ERROR: Unsupported cipher or incorrect key length. Supported ciphers are: aes-128-cbc, aes-256-cbc, aes-128-gcm, aes-256-gcm. {"exception":"[object] (RuntimeException(code: 0): Unsupported cipher or incorrect key length. Supported ciphers are: aes-128-cbc, aes-256-cbc, aes-128-gcm, aes-256-gcm. at /app/www/vendor/laravel/framework/src/Illuminate/Encryption/Encrypter.php:61)
[stacktrace]
#0 /app/www/vendor/laravel/framework/src/Illuminate/Encryption/EncryptionServiceProvider.php(32): Illuminate\\Encryption\\Encrypter->__construct()
#1 /app/www/vendor/laravel/framework/src/Illuminate/Container/Container.php(1115): Illuminate\\Encryption\\EncryptionServiceProvider->{closure:Illuminate\\Encryption\\EncryptionServiceProvider::registerEncrypter():29}()
#2 /app/www/vendor/laravel/framework/src/Illuminate/Container/Container.php(933): Illuminate\\Container\\Container->build()
#3 /app/www/vendor/laravel/framework/src/Illuminate/Foundation/Application.php(1078): Illuminate\\Container\\Container->resolve()
#4 /app/www/vendor/laravel/framework/src/Illuminate/Container/Container.php(864): Illuminate\\Foundation\\Application->resolve()
#5 /app/www/vendor/laravel/framework/src/Illuminate/Foundation/Application.php(1058): Illuminate\\Container\\Container->make()
#6 /app/www/vendor/laravel/framework/src/Illuminate/Container/Container.php(1336): Illuminate\\Foundation\\Application->make()
#7 /app/www/vendor/laravel/framework/src/Illuminate/Container/Container.php(1237): Illuminate\\Container\\Container->resolveClass()
#8 /app/www/vendor/laravel/framework/src/Illuminate/Container/Container.php(1162): Illuminate\\Container\\Container->resolveDependencies()
#9 /app/www/vendor/laravel/framework/src/Illuminate/Container/Container.php(933): Illuminate\\Container\\Container->build()
#10 /app/www/vendor/laravel/framework/src/Illuminate/Foundation/Application.php(1078): Illuminate\\Container\\Container->resolve()
#11 /app/www/vendor/laravel/framework/src/Illuminate/Container/Container.php(864): Illuminate\\Foundation\\Application->resolve()
#12 /app/www/vendor/laravel/framework/src/Illuminate/Foundation/Application.php(1058): Illuminate\\Container\\Container->make()
#13 /app/www/vendor/laravel/framework/src/Illuminate/Foundation/Http/Kernel.php(257): Illuminate\\Foundation\\Application->make()
#14 /app/www/vendor/laravel/framework/src/Illuminate/Foundation/Http/Kernel.php(215): Illuminate\\Foundation\\Http\\Kernel->terminateMiddleware()
#15 /app/www/public/index.php(27): Illuminate\\Foundation\\Http\\Kernel->terminate()
#16 {main}
"} 
[2026-07-03 19:20:58] production.ERROR: Unsupported cipher or incorrect key length. Supported ciphers are: aes-128-cbc, aes-256-cbc, aes-128-gcm, aes-256-gcm. {"exception":"[object] (RuntimeException(code: 0): Unsupported cipher or incorrect key length. Supported ciphers are: aes-128-cbc, aes-256-cbc, aes-128-gcm, aes-256-gcm. at /app/www/vendor/laravel/framework/src/Illuminate/Encryption/Encrypter.php:61)
[stacktrace]
#0 /app/www/vendor/laravel/framework/src/Illuminate/Encryption/EncryptionServiceProvider.php(32): Illuminate\\Encryption\\Encrypter->__construct()
#1 /app/www/vendor/laravel/framework/src/Illuminate/Container/Container.php(1115): Illuminate\\Encryption\\EncryptionServiceProvider->{closure:Illuminate\\Encryption\\EncryptionServiceProvider::registerEncrypter():29}()
#2 /app/www/vendor/laravel/framework/src/Illuminate/Container/Container.php(933): Illuminate\\Container\\Container->build()
#3 /app/www/vendor/laravel/framework/src/Illuminate/Foundation/Application.php(1078): Illuminate\\Container\\Container->resolve()
#4 /app/www/vendor/laravel/framework/src/Illuminate/Container/Container.php(864): Illuminate\\Foundation\\Application->resolve()
#5 /app/www/vendor/laravel/framework/src/Illuminate/Foundation/Application.php(1058): Illuminate\\Container\\Container->make()
#6 /app/www/vendor/laravel/framework/src/Illuminate/Container/Container.php(1336): Illuminate\\Foundation\\Application->make()
#7 /app/www/vendor/laravel/framework/src/Illuminate/Container/Container.php(1237): Illuminate\\Container\\Container->resolveClass()
#8 /app/www/vendor/laravel/framework/src/Illuminate/Container/Container.php(1162): Illuminate\\Container\\Container->resolveDependencies()
#9 /app/www/vendor/laravel/framework/src/Illuminate/Container/Container.php(933): Illuminate\\Container\\Container->build()
#10 /app/www/vendor/laravel/framework/src/Illuminate/Foundation/Application.php(1078): Illuminate\\Container\\Container->resolve()
#11 /app/www/vendor/laravel/framework/src/Illuminate/Container/Container.php(864): Illuminate\\Foundation\\Application->resolve()
#12 /app/www/vendor/laravel/framework/src/Illuminate/Foundation/Application.php(1058): Illuminate\\Container\\Container->make()
#13 /app/www/vendor/laravel/framework/src/Illuminate/Pipeline/Pipeline.php(208): Illuminate\\Foundation\\Application->make()
#14 /app/www/app/Http/Middleware/ApplyCspRules.php(33): Illuminate\\Pipeline\\Pipeline->{closure:{closure:Illuminate\\Pipeline\\Pipeline::carry():194}:195}()
#15 /app/www/vendor/laravel/framework/src/Illuminate/Pipeline/Pipeline.php(219): BookStack\\Http\\Middleware\\ApplyCspRules->handle()
#16 /app/www/vendor/laravel/framework/src/Illuminate/Pipeline/Pipeline.php(137): Illuminate\\Pipeline\\Pipeline->{closure:{closure:Illuminate\\Pipeline\\Pipeline::carry():194}:195}()
#17 /app/www/vendor/laravel/framework/src/Illuminate/Routing/Router.php(821): Illuminate\\Pipeline\\Pipeline->then()
#18 /app/www/vendor/laravel/framework/src/Illuminate/Routing/Router.php(800): Illuminate\\Routing\\Router->runRouteWithinStack()
#19 /app/www/vendor/laravel/framework/src/Illuminate/Routing/Router.php(764): Illuminate\\Routing\\Router->runRoute()
#20 /app/www/vendor/laravel/framework/src/Illuminate/Routing/Router.php(753): Illuminate\\Routing\\Router->dispatchToRoute()
#21 /app/www/vendor/laravel/framework/src/Illuminate/Foundation/Http/Kernel.php(200): Illuminate\\Routing\\Router->dispatch()
#22 /app/www/vendor/laravel/framework/src/Illuminate/Pipeline/Pipeline.php(180): Illuminate\\Foundation\\Http\\Kernel->{closure:Illuminate\\Foundation\\Http\\Kernel::dispatchToRouter():197}()
#23 /app/www/app/Http/Middleware/PreventResponseCaching.php(28): Illuminate\\Pipeline\\Pipeline->{closure:Illuminate\\Pipeline\\Pipeline::prepareDestination():178}()
#24 /app/www/vendor/laravel/framework/src/Illuminate/Pipeline/Pipeline.php(219): BookStack\\Http\\Middleware\\PreventResponseCaching->handle()
#25 /app/www/vendor/laravel/framework/src/Illuminate/Http/Middleware/TrustProxies.php(58): Illuminate\\Pipeline\\Pipeline->{closure:{closure:Illuminate\\Pipeline\\Pipeline::carry():194}:195}()
#26 /app/www/app/Http/Middleware/TrustProxies.php(41): Illuminate\\Http\\Middleware\\TrustProxies->handle()
#27 /app/www/vendor/laravel/framework/src/Illuminate/Pipeline/Pipeline.php(219): BookStack\\Http\\Middleware\\TrustProxies->handle()
#28 /app/www/vendor/laravel/framework/src/Illuminate/Foundation/Http/Middleware/TransformsRequest.php(21): Illuminate\\Pipeline\\Pipeline->{closure:{closure:Illuminate\\Pipeline\\Pipeline::carry():194}:195}()
#29 /app/www/vendor/laravel/framework/src/Illuminate/Foundation/Http/Middleware/TrimStrings.php(51): Illuminate\\Foundation\\Http\\Middleware\\TransformsRequest->handle()
#30 /app/www/vendor/laravel/framework/src/Illuminate/Pipeline/Pipeline.php(219): Illuminate\\Foundation\\Http\\Middleware\\TrimStrings->handle()
#31 /app/www/vendor/laravel/framework/src/Illuminate/Http/Middleware/ValidatePostSize.php(27): Illuminate\\Pipeline\\Pipeline->{closure:{closure:Illuminate\\Pipeline\\Pipeline::carry():194}:195}()
#32 /app/www/vendor/laravel/framework/src/Illuminate/Pipeline/Pipeline.php(219): Illuminate\\Http\\Middleware\\ValidatePostSize->handle()
#33 /app/www/vendor/laravel/framework/src/Illuminate/Foundation/Http/Middleware/PreventRequestsDuringMaintenance.php(109): Illuminate\\Pipeline\\Pipeline->{closure:{closure:Illuminate\\Pipeline\\Pipeline::carry():194}:195}()
#34 /app/www/vendor/laravel/framework/src/Illuminate/Pipeline/Pipeline.php(219): Illuminate\\Foundation\\Http\\Middleware\\PreventRequestsDuringMaintenance->handle()
#35 /app/www/vendor/laravel/framework/src/Illuminate/Pipeline/Pipeline.php(137): Illuminate\\Pipeline\\Pipeline->{closure:{closure:Illuminate\\Pipeline\\Pipeline::carry():194}:195}()
#36 /app/www/vendor/laravel/framework/src/Illuminate/Foundation/Http/Kernel.php(175): Illuminate\\Pipeline\\Pipeline->then()
#37 /app/www/vendor/laravel/framework/src/Illuminate/Foundation/Http/Kernel.php(144): Illuminate\\Foundation\\Http\\Kernel->sendRequestThroughRouter()
#38 /app/www/public/index.php(23): Illuminate\\Foundation\\Http\\Kernel->handle()
#39 {main}
"} 
[2026-07-03 19:20:58] production.ERROR: Unsupported cipher or incorrect key length. Supported ciphers are: aes-128-cbc, aes-256-cbc, aes-128-gcm, aes-256-gcm. {"exception":"[object] (RuntimeException(code: 0): Unsupported cipher or incorrect key length. Supported ciphers are: aes-128-cbc, aes-256-cbc, aes-128-gcm, aes-256-gcm. at /app/www/vendor/laravel/framework/src/Illuminate/Encryption/Encrypter.php:61)
[stacktrace]
#0 /app/www/vendor/laravel/framework/src/Illuminate/Encryption/EncryptionServiceProvider.php(32): Illuminate\\Encryption\\Encrypter->__construct()
#1 /app/www/vendor/laravel/framework/src/Illuminate/Container/Container.php(1115): Illuminate\\Encryption\\EncryptionServiceProvider->{closure:Illuminate\\Encryption\\EncryptionServiceProvider::registerEncrypter():29}()
#2 /app/www/vendor/laravel/framework/src/Illuminate/Container/Container.php(933): Illuminate\\Container\\Container->build()
#3 /app/www/vendor/laravel/framework/src/Illuminate/Foundation/Application.php(1078): Illuminate\\Container\\Container->resolve()
#4 /app/www/vendor/laravel/framework/src/Illuminate/Container/Container.php(864): Illuminate\\Foundation\\Application->resolve()
#5 /app/www/vendor/laravel/framework/src/Illuminate/Foundation/Application.php(1058): Illuminate\\Container\\Container->make()
#6 /app/www/vendor/laravel/framework/src/Illuminate/Container/Container.php(1336): Illuminate\\Foundation\\Application->make()
#7 /app/www/vendor/laravel/framework/src/Illuminate/Container/Container.php(1237): Illuminate\\Container\\Container->resolveClass()
#8 /app/www/vendor/laravel/framework/src/Illuminate/Container/Container.php(1162): Illuminate\\Container\\Container->resolveDependencies()
#9 /app/www/vendor/laravel/framework/src/Illuminate/Container/Container.php(933): Illuminate\\Container\\Container->build()
#10 /app/www/vendor/laravel/framework/src/Illuminate/Foundation/Application.php(1078): Illuminate\\Container\\Container->resolve()
#11 /app/www/vendor/laravel/framework/src/Illuminate/Container/Container.php(864): Illuminate\\Foundation\\Application->resolve()
#12 /app/www/vendor/laravel/framework/src/Illuminate/Foundation/Application.php(1058): Illuminate\\Container\\Container->make()
#13 /app/www/vendor/laravel/framework/src/Illuminate/Foundation/Http/Kernel.php(257): Illuminate\\Foundation\\Application->make()
#14 /app/www/vendor/laravel/framework/src/Illuminate/Foundation/Http/Kernel.php(215): Illuminate\\Foundation\\Http\\Kernel->terminateMiddleware()
#15 /app/www/public/index.php(27): Illuminate\\Foundation\\Http\\Kernel->terminate()
#16 {main}
"} 
[2026-07-03 19:20:58] production.ERROR: Unsupported cipher or incorrect key length. Supported ciphers are: aes-128-cbc, aes-256-cbc, aes-128-gcm, aes-256-gcm. {"exception":"[object] (RuntimeException(code: 0): Unsupported cipher or incorrect key length. Supported ciphers are: aes-128-cbc, aes-256-cbc, aes-128-gcm, aes-256-gcm. at /app/www/vendor/laravel/framework/src/Illuminate/Encryption/Encrypter.php:61)
[stacktrace]
#0 /app/www/vendor/laravel/framework/src/Illuminate/Encryption/EncryptionServiceProvider.php(32): Illuminate\\Encryption\\Encrypter->__construct()
#1 /app/www/vendor/laravel/framework/src/Illuminate/Container/Container.php(1115): Illuminate\\Encryption\\EncryptionServiceProvider->{closure:Illuminate\\Encryption\\EncryptionServiceProvider::registerEncrypter():29}()
#2 /app/www/vendor/laravel/framework/src/Illuminate/Container/Container.php(933): Illuminate\\Container\\Container->build()
#3 /app/www/vendor/laravel/framework/src/Illuminate/Foundation/Application.php(1078): Illuminate\\Container\\Container->resolve()
#4 /app/www/vendor/laravel/framework/src/Illuminate/Container/Container.php(864): Illuminate\\Foundation\\Application->resolve()
#5 /app/www/vendor/laravel/framework/src/Illuminate/Foundation/Application.php(1058): Illuminate\\Container\\Container->make()
#6 /app/www/vendor/laravel/framework/src/Illuminate/Container/Container.php(1336): Illuminate\\Foundation\\Application->make()
#7 /app/www/vendor/laravel/framework/src/Illuminate/Container/Container.php(1237): Illuminate\\Container\\Container->resolveClass()
#8 /app/www/vendor/laravel/framework/src/Illuminate/Container/Container.php(1162): Illuminate\\Container\\Container->resolveDependencies()
#9 /app/www/vendor/laravel/framework/src/Illuminate/Container/Container.php(933): Illuminate\\Container\\Container->build()
#10 /app/www/vendor/laravel/framework/src/Illuminate/Foundation/Application.php(1078): Illuminate\\Container\\Container->resolve()
#11 /app/www/vendor/laravel/framework/src/Illuminate/Container/Container.php(864): Illuminate\\Foundation\\Application->resolve()
#12 /app/www/vendor/laravel/framework/src/Illuminate/Foundation/Application.php(1058): Illuminate\\Container\\Container->make()
#13 /app/www/vendor/laravel/framework/src/Illuminate/Pipeline/Pipeline.php(208): Illuminate\\Foundation\\Application->make()
#14 /app/www/app/Http/Middleware/ApplyCspRules.php(33): Illuminate\\Pipeline\\Pipeline->{closure:{closure:Illuminate\\Pipeline\\Pipeline::carry():194}:195}()
#15 /app/www/vendor/laravel/framework/src/Illuminate/Pipeline/Pipeline.php(219): BookStack\\Http\\Middleware\\ApplyCspRules->handle()
#16 /app/www/vendor/laravel/framework/src/Illuminate/Pipeline/Pipeline.php(137): Illuminate\\Pipeline\\Pipeline->{closure:{closure:Illuminate\\Pipeline\\Pipeline::carry():194}:195}()
#17 /app/www/vendor/laravel/framework/src/Illuminate/Routing/Router.php(821): Illuminate\\Pipeline\\Pipeline->then()
#18 /app/www/vendor/laravel/framework/src/Illuminate/Routing/Router.php(800): Illuminate\\Routing\\Router->runRouteWithinStack()
#19 /app/www/vendor/laravel/framework/src/Illuminate/Routing/Router.php(764): Illuminate\\Routing\\Router->runRoute()
#20 /app/www/vendor/laravel/framework/src/Illuminate/Routing/Router.php(753): Illuminate\\Routing\\Router->dispatchToRoute()
#21 /app/www/vendor/laravel/framework/src/Illuminate/Foundation/Http/Kernel.php(200): Illuminate\\Routing\\Router->dispatch()
#22 /app/www/vendor/laravel/framework/src/Illuminate/Pipeline/Pipeline.php(180): Illuminate\\Foundation\\Http\\Kernel->{closure:Illuminate\\Foundation\\Http\\Kernel::dispatchToRouter():197}()
#23 /app/www/app/Http/Middleware/PreventResponseCaching.php(28): Illuminate\\Pipeline\\Pipeline->{closure:Illuminate\\Pipeline\\Pipeline::prepareDestination():178}()
#24 /app/www/vendor/laravel/framework/src/Illuminate/Pipeline/Pipeline.php(219): BookStack\\Http\\Middleware\\PreventResponseCaching->handle()
#25 /app/www/vendor/laravel/framework/src/Illuminate/Http/Middleware/TrustProxies.php(58): Illuminate\\Pipeline\\Pipeline->{closure:{closure:Illuminate\\Pipeline\\Pipeline::carry():194}:195}()
#26 /app/www/app/Http/Middleware/TrustProxies.php(41): Illuminate\\Http\\Middleware\\TrustProxies->handle()
#27 /app/www/vendor/laravel/framework/src/Illuminate/Pipeline/Pipeline.php(219): BookStack\\Http\\Middleware\\TrustProxies->handle()
#28 /app/www/vendor/laravel/framework/src/Illuminate/Foundation/Http/Middleware/TransformsRequest.php(21): Illuminate\\Pipeline\\Pipeline->{closure:{closure:Illuminate\\Pipeline\\Pipeline::carry():194}:195}()
#29 /app/www/vendor/laravel/framework/src/Illuminate/Foundation/Http/Middleware/TrimStrings.php(51): Illuminate\\Foundation\\Http\\Middleware\\TransformsRequest->handle()
#30 /app/www/vendor/laravel/framework/src/Illuminate/Pipeline/Pipeline.php(219): Illuminate\\Foundation\\Http\\Middleware\\TrimStrings->handle()
#31 /app/www/vendor/laravel/framework/src/Illuminate/Http/Middleware/ValidatePostSize.php(27): Illuminate\\Pipeline\\Pipeline->{closure:{closure:Illuminate\\Pipeline\\Pipeline::carry():194}:195}()
#32 /app/www/vendor/laravel/framework/src/Illuminate/Pipeline/Pipeline.php(219): Illuminate\\Http\\Middleware\\ValidatePostSize->handle()
#33 /app/www/vendor/laravel/framework/src/Illuminate/Foundation/Http/Middleware/PreventRequestsDuringMaintenance.php(109): Illuminate\\Pipeline\\Pipeline->{closure:{closure:Illuminate\\Pipeline\\Pipeline::carry():194}:195}()
#34 /app/www/vendor/laravel/framework/src/Illuminate/Pipeline/Pipeline.php(219): Illuminate\\Foundation\\Http\\Middleware\\PreventRequestsDuringMaintenance->handle()
#35 /app/www/vendor/laravel/framework/src/Illuminate/Pipeline/Pipeline.php(137): Illuminate\\Pipeline\\Pipeline->{closure:{closure:Illuminate\\Pipeline\\Pipeline::carry():194}:195}()
#36 /app/www/vendor/laravel/framework/src/Illuminate/Foundation/Http/Kernel.php(175): Illuminate\\Pipeline\\Pipeline->then()
#37 /app/www/vendor/laravel/framework/src/Illuminate/Foundation/Http/Kernel.php(144): Illuminate\\Foundation\\Http\\Kernel->sendRequestThroughRouter()
#38 /app/www/public/index.php(23): Illuminate\\Foundation\\Http\\Kernel->handle()
#39 {main}
"} 
[2026-07-03 19:20:58] production.ERROR: Unsupported cipher or incorrect key length. Supported ciphers are: aes-128-cbc, aes-256-cbc, aes-128-gcm, aes-256-gcm. {"exception":"[object] (RuntimeException(code: 0): Unsupported cipher or incorrect key length. Supported ciphers are: aes-128-cbc, aes-256-cbc, aes-128-gcm, aes-256-gcm. at /app/www/vendor/laravel/framework/src/Illuminate/Encryption/Encrypter.php:61)
[stacktrace]
#0 /app/www/vendor/laravel/framework/src/Illuminate/Encryption/EncryptionServiceProvider.php(32): Illuminate\\Encryption\\Encrypter->__construct()
#1 /app/www/vendor/laravel/framework/src/Illuminate/Container/Container.php(1115): Illuminate\\Encryption\\EncryptionServiceProvider->{closure:Illuminate\\Encryption\\EncryptionServiceProvider::registerEncrypter():29}()
#2 /app/www/vendor/laravel/framework/src/Illuminate/Container/Container.php(933): Illuminate\\Container\\Container->build()
#3 /app/www/vendor/laravel/framework/src/Illuminate/Foundation/Application.php(1078): Illuminate\\Container\\Container->resolve()
#4 /app/www/vendor/laravel/framework/src/Illuminate/Container/Container.php(864): Illuminate\\Foundation\\Application->resolve()
#5 /app/www/vendor/laravel/framework/src/Illuminate/Foundation/Application.php(1058): Illuminate\\Container\\Container->make()
#6 /app/www/vendor/laravel/framework/src/Illuminate/Container/Container.php(1336): Illuminate\\Foundation\\Application->make()
#7 /app/www/vendor/laravel/framework/src/Illuminate/Container/Container.php(1237): Illuminate\\Container\\Container->resolveClass()
#8 /app/www/vendor/laravel/framework/src/Illuminate/Container/Container.php(1162): Illuminate\\Container\\Container->resolveDependencies()
#9 /app/www/vendor/laravel/framework/src/Illuminate/Container/Container.php(933): Illuminate\\Container\\Container->build()
#10 /app/www/vendor/laravel/framework/src/Illuminate/Foundation/Application.php(1078): Illuminate\\Container\\Container->resolve()
#11 /app/www/vendor/laravel/framework/src/Illuminate/Container/Container.php(864): Illuminate\\Foundation\\Application->resolve()
#12 /app/www/vendor/laravel/framework/src/Illuminate/Foundation/Application.php(1058): Illuminate\\Container\\Container->make()
#13 /app/www/vendor/laravel/framework/src/Illuminate/Foundation/Http/Kernel.php(257): Illuminate\\Foundation\\Application->make()
#14 /app/www/vendor/laravel/framework/src/Illuminate/Foundation/Http/Kernel.php(215): Illuminate\\Foundation\\Http\\Kernel->terminateMiddleware()
#15 /app/www/public/index.php(27): Illuminate\\Foundation\\Http\\Kernel->terminate()
#16 {main}
"} 
[2026-07-03 19:24:12] production.ERROR: Unsupported cipher or incorrect key length. Supported ciphers are: aes-128-cbc, aes-256-cbc, aes-128-gcm, aes-256-gcm. {"exception":"[object] (RuntimeException(code: 0): Unsupported cipher or incorrect key length. Supported ciphers are: aes-128-cbc, aes-256-cbc, aes-128-gcm, aes-256-gcm. at /app/www/vendor/laravel/framework/src/Illuminate/Encryption/Encrypter.php:61)
[stacktrace]
#0 /app/www/vendor/laravel/framework/src/Illuminate/Encryption/EncryptionServiceProvider.php(32): Illuminate\\Encryption\\Encrypter->__construct()
#1 /app/www/vendor/laravel/framework/src/Illuminate/Container/Container.php(1115): Illuminate\\Encryption\\EncryptionServiceProvider->{closure:Illuminate\\Encryption\\EncryptionServiceProvider::registerEncrypter():29}()
#2 /app/www/vendor/laravel/framework/src/Illuminate/Container/Container.php(933): Illuminate\\Container\\Container->build()
#3 /app/www/vendor/laravel/framework/src/Illuminate/Foundation/Application.php(1078): Illuminate\\Container\\Container->resolve()
#4 /app/www/vendor/laravel/framework/src/Illuminate/Container/Container.php(864): Illuminate\\Foundation\\Application->resolve()
#5 /app/www/vendor/laravel/framework/src/Illuminate/Foundation/Application.php(1058): Illuminate\\Container\\Container->make()
#6 /app/www/vendor/laravel/framework/src/Illuminate/Container/Container.php(1336): Illuminate\\Foundation\\Application->make()
#7 /app/www/vendor/laravel/framework/src/Illuminate/Container/Container.php(1237): Illuminate\\Container\\Container->resolveClass()
#8 /app/www/vendor/laravel/framework/src/Illuminate/Container/Container.php(1162): Illuminate\\Container\\Container->resolveDependencies()
#9 /app/www/vendor/laravel/framework/src/Illuminate/Container/Container.php(933): Illuminate\\Container\\Container->build()
#10 /app/www/vendor/laravel/framework/src/Illuminate/Foundation/Application.php(1078): Illuminate\\Container\\Container->resolve()
#11 /app/www/vendor/laravel/framework/src/Illuminate/Container/Container.php(864): Illuminate\\Foundation\\Application->resolve()
#12 /app/www/vendor/laravel/framework/src/Illuminate/Foundation/Application.php(1058): Illuminate\\Container\\Container->make()
#13 /app/www/vendor/laravel/framework/src/Illuminate/Pipeline/Pipeline.php(208): Illuminate\\Foundation\\Application->make()
#14 /app/www/app/Http/Middleware/ApplyCspRules.php(33): Illuminate\\Pipeline\\Pipeline->{closure:{closure:Illuminate\\Pipeline\\Pipeline::carry():194}:195}()
#15 /app/www/vendor/laravel/framework/src/Illuminate/Pipeline/Pipeline.php(219): BookStack\\Http\\Middleware\\ApplyCspRules->handle()
#16 /app/www/vendor/laravel/framework/src/Illuminate/Pipeline/Pipeline.php(137): Illuminate\\Pipeline\\Pipeline->{closure:{closure:Illuminate\\Pipeline\\Pipeline::carry():194}:195}()
#17 /app/www/vendor/laravel/framework/src/Illuminate/Routing/Router.php(821): Illuminate\\Pipeline\\Pipeline->then()
#18 /app/www/vendor/laravel/framework/src/Illuminate/Routing/Router.php(800): Illuminate\\Routing\\Router->runRouteWithinStack()
#19 /app/www/vendor/laravel/framework/src/Illuminate/Routing/Router.php(764): Illuminate\\Routing\\Router->runRoute()
#20 /app/www/vendor/laravel/framework/src/Illuminate/Routing/Router.php(753): Illuminate\\Routing\\Router->dispatchToRoute()
#21 /app/www/vendor/laravel/framework/src/Illuminate/Foundation/Http/Kernel.php(200): Illuminate\\Routing\\Router->dispatch()
#22 /app/www/vendor/laravel/framework/src/Illuminate/Pipeline/Pipeline.php(180): Illuminate\\Foundation\\Http\\Kernel->{closure:Illuminate\\Foundation\\Http\\Kernel::dispatchToRouter():197}()
#23 /app/www/app/Http/Middleware/PreventResponseCaching.php(28): Illuminate\\Pipeline\\Pipeline->{closure:Illuminate\\Pipeline\\Pipeline::prepareDestination():178}()
#24 /app/www/vendor/laravel/framework/src/Illuminate/Pipeline/Pipeline.php(219): BookStack\\Http\\Middleware\\PreventResponseCaching->handle()
#25 /app/www/vendor/laravel/framework/src/Illuminate/Http/Middleware/TrustProxies.php(58): Illuminate\\Pipeline\\Pipeline->{closure:{closure:Illuminate\\Pipeline\\Pipeline::carry():194}:195}()
#26 /app/www/app/Http/Middleware/TrustProxies.php(41): Illuminate\\Http\\Middleware\\TrustProxies->handle()
#27 /app/www/vendor/laravel/framework/src/Illuminate/Pipeline/Pipeline.php(219): BookStack\\Http\\Middleware\\TrustProxies->handle()
#28 /app/www/vendor/laravel/framework/src/Illuminate/Foundation/Http/Middleware/TransformsRequest.php(21): Illuminate\\Pipeline\\Pipeline->{closure:{closure:Illuminate\\Pipeline\\Pipeline::carry():194}:195}()
#29 /app/www/vendor/laravel/framework/src/Illuminate/Foundation/Http/Middleware/TrimStrings.php(51): Illuminate\\Foundation\\Http\\Middleware\\TransformsRequest->handle()
#30 /app/www/vendor/laravel/framework/src/Illuminate/Pipeline/Pipeline.php(219): Illuminate\\Foundation\\Http\\Middleware\\TrimStrings->handle()
#31 /app/www/vendor/laravel/framework/src/Illuminate/Http/Middleware/ValidatePostSize.php(27): Illuminate\\Pipeline\\Pipeline->{closure:{closure:Illuminate\\Pipeline\\Pipeline::carry():194}:195}()
#32 /app/www/vendor/laravel/framework/src/Illuminate/Pipeline/Pipeline.php(219): Illuminate\\Http\\Middleware\\ValidatePostSize->handle()
#33 /app/www/vendor/laravel/framework/src/Illuminate/Foundation/Http/Middleware/PreventRequestsDuringMaintenance.php(109): Illuminate\\Pipeline\\Pipeline->{closure:{closure:Illuminate\\Pipeline\\Pipeline::carry():194}:195}()
#34 /app/www/vendor/laravel/framework/src/Illuminate/Pipeline/Pipeline.php(219): Illuminate\\Foundation\\Http\\Middleware\\PreventRequestsDuringMaintenance->handle()
#35 /app/www/vendor/laravel/framework/src/Illuminate/Pipeline/Pipeline.php(137): Illuminate\\Pipeline\\Pipeline->{closure:{closure:Illuminate\\Pipeline\\Pipeline::carry():194}:195}()
#36 /app/www/vendor/laravel/framework/src/Illuminate/Foundation/Http/Kernel.php(175): Illuminate\\Pipeline\\Pipeline->then()
#37 /app/www/vendor/laravel/framework/src/Illuminate/Foundation/Http/Kernel.php(144): Illuminate\\Foundation\\Http\\Kernel->sendRequestThroughRouter()
#38 /app/www/public/index.php(23): Illuminate\\Foundation\\Http\\Kernel->handle()
#39 {main}
"} 
[2026-07-03 19:24:12] production.ERROR: Unsupported cipher or incorrect key length. Supported ciphers are: aes-128-cbc, aes-256-cbc, aes-128-gcm, aes-256-gcm. {"exception":"[object] (RuntimeException(code: 0): Unsupported cipher or incorrect key length. Supported ciphers are: aes-128-cbc, aes-256-cbc, aes-128-gcm, aes-256-gcm. at /app/www/vendor/laravel/framework/src/Illuminate/Encryption/Encrypter.php:61)
[stacktrace]
#0 /app/www/vendor/laravel/framework/src/Illuminate/Encryption/EncryptionServiceProvider.php(32): Illuminate\\Encryption\\Encrypter->__construct()
#1 /app/www/vendor/laravel/framework/src/Illuminate/Container/Container.php(1115): Illuminate\\Encryption\\EncryptionServiceProvider->{closure:Illuminate\\Encryption\\EncryptionServiceProvider::registerEncrypter():29}()
#2 /app/www/vendor/laravel/framework/src/Illuminate/Container/Container.php(933): Illuminate\\Container\\Container->build()
#3 /app/www/vendor/laravel/framework/src/Illuminate/Foundation/Application.php(1078): Illuminate\\Container\\Container->resolve()
#4 /app/www/vendor/laravel/framework/src/Illuminate/Container/Container.php(864): Illuminate\\Foundation\\Application->resolve()
#5 /app/www/vendor/laravel/framework/src/Illuminate/Foundation/Application.php(1058): Illuminate\\Container\\Container->make()
#6 /app/www/vendor/laravel/framework/src/Illuminate/Container/Container.php(1336): Illuminate\\Foundation\\Application->make()
#7 /app/www/vendor/laravel/framework/src/Illuminate/Container/Container.php(1237): Illuminate\\Container\\Container->resolveClass()
#8 /app/www/vendor/laravel/framework/src/Illuminate/Container/Container.php(1162): Illuminate\\Container\\Container->resolveDependencies()
#9 /app/www/vendor/laravel/framework/src/Illuminate/Container/Container.php(933): Illuminate\\Container\\Container->build()
#10 /app/www/vendor/laravel/framework/src/Illuminate/Foundation/Application.php(1078): Illuminate\\Container\\Container->resolve()
#11 /app/www/vendor/laravel/framework/src/Illuminate/Container/Container.php(864): Illuminate\\Foundation\\Application->resolve()
#12 /app/www/vendor/laravel/framework/src/Illuminate/Foundation/Application.php(1058): Illuminate\\Container\\Container->make()
#13 /app/www/vendor/laravel/framework/src/Illuminate/Foundation/Http/Kernel.php(257): Illuminate\\Foundation\\Application->make()
#14 /app/www/vendor/laravel/framework/src/Illuminate/Foundation/Http/Kernel.php(215): Illuminate\\Foundation\\Http\\Kernel->terminateMiddleware()
#15 /app/www/public/index.php(27): Illuminate\\Foundation\\Http\\Kernel->terminate()
#16 {main}
"} 
